goal_id,state,owner,department,start_date,end_date,description,priority,percent_complete,target_percentage,category,goal_met
83be5a75-1c83-4b30-88d8-dfb57731a568,Closed,Courtney Bray,Finance,2024-07-30,2024-09-04,This goal involves collaborate efforts across multiple departments.,High,59.53,87.84,Efficiency,False
297db06d-98b8-4674-918e-241f613d04d3,Open,Joshua Jennings,Finance,2024-07-09,2024-10-02,This goal involves joint efforts across multiple departments.,Medium,67.33,84.03,Customer Satisfaction,False
5e48505b-915f-4636-a809-1f9f31020227,In Progress,Steven Harmon,Finance,2024-08-05,2024-10-14,This goal involves integration efforts across multiple departments.,High,92.36,77.6,Employee Satisfaction,True
d10b55a8-47d5-4254-bdac-cf9eaa7c1d59,In Progress,Jo Wise,Finance,2023-11-09,2024-04-04,Method draw present a worry meet training coach.,Critical,91.04,75.86,Revenue Growth,True
a0683223-18f2-4602-aa06-f036edf7a1db,In Progress,Mike Johnson,IT,2024-08-30,2024-11-17,This goal involves integration efforts across multiple departments.,Critical,76.06,77.11,Cost Reduction,False
836fa5c7-2b59-4133-a375-d78e21cb241b,In Progress,Scott Serrano,Operations,2024-05-12,2024-07-22,Best simple where partner about expert card.,High,51.69,83.67,Efficiency,False
88de4b34-a5f6-4c10-812a-4eb603b013c3,Closed,Lawrence Blair,Sales,2024-03-09,2024-08-22,How table stay conference strategy watch admit.,Critical,62.7,82.8,Customer Satisfaction,False
0fbfad5d-531e-4c73-81b5-493743cea1a3,Closed,Jocelyn Hale,Operations,2024-04-23,2024-06-06,Myself effect positive seek open Mr.,Low,97.51,71.32,Customer Satisfaction,True
b263ac26-1bf5-4524-9d6f-e401e2efdcc1,Closed,Alexandra Harmon,Operations,2024-03-14,2024-06-06,Leg responsibility movement rich sure air.,High,53.77,75.3,Employee Satisfaction,False
af1223f4-085d-43cf-bf28-c0a3ce5e0981,Closed,Margaret Daugherty,IT,2024-01-14,2024-04-20,Maintain knowledge answer cultural industry.,High,54.14,89.95,Revenue Growth,False
b17f38d5-ac2f-4ac3-a84d-55ef09476897,In Progress,Angela Bush,Finance,2024-05-24,2024-07-05,This goal involves cross-departmental efforts across multiple departments.,Critical,64.91,67.7,Cost Reduction,False
6d47bd8e-3795-420d-9d31-6df92cd32fa5,In Progress,Christopher Smith,IT,2023-12-22,2024-01-23,Head expert explain central argue forget contain.,Medium,75.85,72.82,Cost Reduction,True
1f3ebab7-6272-43f7-b568-dfbf36a23bf6,In Progress,Sean Dixon,Sales,2023-11-15,2024-04-09,Few inside piece church chance product light offer.,Low,75.37,70.01,Cost Reduction,True
344f77f3-edaa-42d9-bf58-6e5fcf94e277,Open,Ann Gross,Operations,2024-09-12,2025-02-18,Magazine indeed myself you staff possible.,Critical,76.82,89.07,Revenue Growth,False
c17c9ae6-0ef3-48ca-8ce5-32d66438c931,Open,Samantha Glenn,IT,2024-01-06,2024-04-27,Just himself energy often.,Critical,58.19,86.63,Employee Satisfaction,False
6768b7de-608d-46ff-bedb-1af46273e939,Open,Wanda Romero,Sales,2024-02-14,2024-08-07,Suffer cultural you unit war image close.,Critical,94.2,75.21,Cost Reduction,True
3e6d1173-0041-4a14-83c3-288321cde399,Open,Christina Rose,HR,2024-03-28,2024-09-14,Candidate yet fast account total country join.,High,57.68,74.24,Customer Satisfaction,False
9bc56003-5aad-444f-a09b-abff52c5634e,Closed,Justin Fitzgerald,Sales,2024-06-13,2024-09-30,Which tend responsibility both deep us information song.,Low,82.73,80.35,Employee Satisfaction,True
7f71b4ac-91bc-42e0-b3bf-a680469167e4,Open,William Burton,Finance,2024-07-08,2024-11-01,This goal involves joint efforts across multiple departments.,Medium,81.02,74.16,Cost Reduction,True
0f3a47ae-1e26-42da-8b9e-6d8cdaea5164,Open,Cole Rodriguez,Operations,2024-10-24,2024-12-11,Health far rule visit.,High,98.24,72.65,Revenue Growth,True
7ca0fd26-e1e2-4476-95d6-d1d2d0bafa6d,Closed,Donna Little,IT,2024-05-26,2024-10-24,Happen design now drug administration.,Medium,84.03,71.94,Customer Satisfaction,True
17532301-67ce-4e2c-89b4-c413b85b3254,In Progress,Jessica Cruz,HR,2024-01-21,2024-06-18,Party son too participant.,Medium,78.89,68.05,Cost Reduction,True
37ab5bc9-f73e-43c2-bacd-a75ef90276cc,Open,Billy Lewis,Sales,2024-06-07,2024-08-25,This goal involves joint efforts across multiple departments.,Medium,100.0,75.0,Customer Satisfaction,True
c5476c14-c776-4e0b-b024-ae3e7105e4c8,Closed,Kenneth Ellis,Finance,2024-03-17,2024-04-28,Performance past wall seat especially hope.,Low,54.49,86.97,Revenue Growth,False
c7d07918-760d-4928-9cad-bd60025e3093,In Progress,Dana Cruz,HR,2024-10-20,2025-01-12,This goal involves collaborate efforts across multiple departments.,Low,69.27,75.3,Employee Satisfaction,False
5dd997e8-06b9-44a9-bc7c-34d4691124cc,In Progress,Joanne Peters,IT,2024-06-17,2024-11-18,This goal involves collaborate efforts across multiple departments.,Critical,70.88,80.84,Customer Satisfaction,False
9a04bf63-c865-4c6f-b016-2e5d0775c850,Closed,Tanya Rivera,HR,2024-04-26,2024-10-01,Show bank eye hour forward.,Critical,89.36,73.72,Revenue Growth,True
cb70b2f8-a737-4468-9303-c482303afb9c,Closed,Colleen Mills,Sales,2024-10-26,2025-03-08,Need performance outside seek minute probably.,Low,64.01,60.79,Cost Reduction,True
e61895cc-61c7-4426-9231-6721e14fb37d,Closed,John Robinson,IT,2023-12-12,2024-06-03,This goal involves integration efforts across multiple departments.,High,99.25,77.92,Revenue Growth,True
48d8b0ea-cc13-4aa0-9f94-def7b1031edf,In Progress,Amy Knight,Finance,2024-09-17,2024-10-19,Yes big marriage he quickly agency.,Medium,90.49,80.75,Employee Satisfaction,True
8ed90589-cc3b-41f3-b003-2fa3966c0b23,Open,Jesse Carroll,Operations,2024-05-24,2024-07-10,This goal involves partnership efforts across multiple departments.,High,80.22,82.23,Customer Satisfaction,False
7f1ef9b0-cbdf-4fe6-8704-c5ca10cbad36,Open,Whitney Hill,IT,2024-07-20,2024-11-03,This goal involves collaborate efforts across multiple departments.,Low,59.49,74.85,Cost Reduction,False
c810cf55-99c8-4415-968c-5e9ecd8a9662,Open,Angela Davis,Operations,2024-08-11,2024-11-01,This goal involves collaborate efforts across multiple departments.,Medium,89.45,78.47,Efficiency,True
6f5a770c-dda1-48dd-a94f-c2b539f9b52c,Open,Candace Fisher,Operations,2023-11-06,2024-01-16,Citizen conference former hotel.,Medium,96.67,71.5,Employee Satisfaction,True
b9a4a199-1730-4735-9619-40e54d1dd761,Open,Brittany Sanchez,IT,2024-07-05,2024-08-13,This goal involves joint efforts across multiple departments.,Medium,100.0,77.29,Efficiency,True
af9d7dfe-eeab-4be0-945a-96ff346cd83d,Open,Michael Weaver,Operations,2023-12-05,2024-02-26,Source dream month husband official wrong.,Medium,76.77,87.49,Customer Satisfaction,False
dd1b93be-ad4e-4d69-ae42-c9f0d194e3fc,Closed,Darrell Wyatt,Sales,2024-01-20,2024-04-19,Race thank according study field forward reach.,Low,57.73,70.5,Customer Satisfaction,False
5fd30042-bdf0-4aba-8700-0fe726baa4ff,In Progress,Tammy Green,HR,2023-11-26,2024-02-27,Stand stage body government though go.,Critical,55.07,70.77,Efficiency,False
80a72b03-0cfb-4399-a587-ab36f04d148c,Open,Casey Williams,HR,2023-12-10,2024-04-07,National compare source Democrat environment father current.,Low,89.89,83.2,Efficiency,True
d92bdba2-0fd4-4236-a5f7-adff9e213b70,In Progress,Brian Booker,Finance,2024-10-05,2025-01-14,Trade her whom with college serious.,Medium,69.47,80.72,Efficiency,False
aafcdb2a-5320-4015-af3d-b96d6796892c,Open,Danielle Harper,Operations,2023-12-12,2024-02-25,This goal involves collaborate efforts across multiple departments.,Low,70.48,76.91,Revenue Growth,False
43cbdf85-c83f-4d2e-9b2f-1131f2cd2ad5,Closed,Tyler Travis,Finance,2024-10-16,2025-02-21,This goal involves cross-departmental efforts across multiple departments.,Critical,100.0,88.51,Revenue Growth,True
83d919fd-0b16-4213-bd8b-1c161eafe965,Closed,David Hardy,Sales,2023-12-25,2024-04-26,Politics return far whom involve wife affect hot.,Critical,63.8,76.28,Employee Satisfaction,False
e59c9225-42c2-4c9b-919c-4e3142c2ae56,Closed,Michelle Spencer DDS,Operations,2024-05-05,2024-10-11,Different foreign interesting cost popular.,Medium,54.05,81.09,Efficiency,False
55404706-910b-407a-bf15-0c12ba4c1891,Closed,Aaron Hunt,HR,2023-12-24,2024-03-07,Others early experience operation.,Medium,53.38,76.08,Revenue Growth,False
199f4969-afc6-4e1a-8359-6057a77a7563,Closed,Dawn Craig,IT,2024-01-01,2024-04-22,Reality husband might movement heart perform.,High,74.84,85.87,Employee Satisfaction,False
58d17379-abb3-4747-8c58-aff6544125c0,Closed,Max Phillips,Sales,2024-07-06,2024-08-26,Mr receive or everybody.,Medium,96.61,86.37,Efficiency,True
2dc0a67e-82fb-462e-96df-57ed792659fc,Closed,Ashley Miller,Operations,2024-02-13,2024-05-10,This goal involves cross-departmental efforts across multiple departments.,Critical,70.98,85.37,Customer Satisfaction,False
bc6c37e2-4e02-445d-9786-0549d255f468,Closed,Scott Delgado,Sales,2024-04-19,2024-08-25,This goal involves collaborate efforts across multiple departments.,High,82.98,87.21,Employee Satisfaction,False
26e4d2a4-3bfb-415e-9e92-d04bd9785ee9,Open,Megan Wells,Sales,2024-09-18,2025-02-27,This goal involves collaborate efforts across multiple departments.,Critical,77.32,86.03,Employee Satisfaction,False
a0819369-1b3c-4220-89dd-e9f98a7d5ddc,Closed,Karl Cross,Operations,2024-02-04,2024-06-26,Research trouble trial machine show.,Low,93.43,88.14,Revenue Growth,True
69b7365a-068b-4043-8488-773d3f291623,Open,Christine Chen,HR,2024-02-16,2024-07-10,Hear research clear girl tend defense according.,Medium,92.55,85.55,Efficiency,True
0e3a3f6d-3c6a-4196-9f95-936ac35c0131,Open,Danielle Martinez,Operations,2024-04-11,2024-08-31,This goal involves integration efforts across multiple departments.,Medium,81.0,70.8,Cost Reduction,True
eb4343a3-a7bc-4432-9cb2-3dae9b73679f,Closed,Christopher Crawford,Sales,2024-01-04,2024-03-28,Civil program significant government government option can lawyer.,High,55.2,61.25,Cost Reduction,False
8a1b9940-bc8e-4f6e-85bb-706360f58594,In Progress,Tabitha Martinez,IT,2024-05-21,2024-06-25,This goal involves integration efforts across multiple departments.,High,75.05,77.8,Revenue Growth,False
ab4b802d-a4db-458f-8942-e27817e0b3f8,Closed,Jennifer Davis,IT,2024-10-26,2025-01-20,Bed expect send education.,High,92.53,76.72,Employee Satisfaction,True
d5a4e0fd-9cd3-4779-b2a9-cf0e1f997c88,In Progress,Michael Rodriguez,Sales,2024-03-09,2024-08-05,Would already box on.,Low,64.48,81.84,Customer Satisfaction,False
cef90203-e8af-4699-affc-91db4a641855,Open,Eric Hess,HR,2024-06-01,2024-08-04,This goal involves integration efforts across multiple departments.,Critical,69.48,76.54,Employee Satisfaction,False
7f4055bc-bfe1-4731-ae20-e7015ab3a447,In Progress,Eric Martinez DDS,Operations,2024-03-02,2024-04-21,Significant hard heavy not have until.,Critical,61.05,77.0,Employee Satisfaction,False
6cc26fe2-a87f-4c95-a6d5-5253edd7bca6,Closed,Brian Fisher,Finance,2023-11-07,2023-12-14,This goal involves joint efforts across multiple departments.,Critical,61.97,79.47,Customer Satisfaction,False
181d7af5-6014-4f3b-ae4a-a439d72de0f0,In Progress,Eric Evans,Operations,2024-09-21,2025-01-23,Action professional large next.,Medium,54.19,85.56,Customer Satisfaction,False
c64525c8-767f-41a5-9953-7b0116bbaaf2,In Progress,Megan Hurst,Finance,2024-09-24,2025-03-21,Yard hour allow care appear.,Low,61.77,67.51,Cost Reduction,False
bcadedb9-f256-4b6d-8324-f9b190b732e3,Open,Adam Calderon,Finance,2024-01-23,2024-04-24,Else process one voice board player.,Medium,95.13,76.11,Cost Reduction,True
f6b05586-a544-4948-a638-13a9639c9987,Closed,Catherine Burke,Finance,2023-12-18,2024-04-14,Lay difference thank sister present piece.,High,64.29,76.82,Revenue Growth,False
c3fd57f1-8379-45d7-b763-c9feb27d4481,In Progress,Tina Gillespie,Finance,2024-10-24,2025-03-13,Effort student type drop wide improve social.,Medium,63.73,78.71,Efficiency,False
5d5248fd-1174-4eb4-9ee9-b190f78d6a1c,Closed,Diana Stafford MD,Operations,2024-08-24,2025-02-07,School sell responsibility deep understand.,High,54.04,76.45,Employee Satisfaction,False
573cbae4-ebc3-482c-b9e9-583b921fdb10,Open,Jessica Johnson,Operations,2024-09-12,2025-02-04,Less art artist thought describe.,Medium,58.27,76.73,Customer Satisfaction,False
16f142bc-12d4-4355-a1ea-3a032313e0a2,In Progress,Cheyenne Moore,Sales,2024-09-18,2025-02-19,This goal involves integration efforts across multiple departments.,High,61.69,84.02,Customer Satisfaction,False
9f855568-3dd8-42a4-aca7-4610a70108e3,Open,Cheryl Garcia,Finance,2024-07-28,2024-10-27,All various thus man choice since edge.,High,61.25,82.92,Employee Satisfaction,False
428fdda8-760c-4195-b30d-ad168a6c9121,Open,Janice Ferguson,Finance,2024-08-22,2024-12-05,This goal involves partnership efforts across multiple departments.,High,67.23,81.07,Customer Satisfaction,False
d4e204dd-cea3-4253-bacc-1986fed5914a,Closed,Paul Castillo,Operations,2023-11-25,2024-03-24,This goal involves collaborate efforts across multiple departments.,High,71.87,76.31,Employee Satisfaction,False
505e415a-81c7-4248-b5b2-f9cdb35653ce,Closed,Jacob Anderson,Sales,2024-03-13,2024-05-31,This goal involves partnership efforts across multiple departments.,Medium,61.3,80.49,Customer Satisfaction,False
07e489e7-282b-4d62-8f82-95946719feb1,Open,Noah Vega,Operations,2024-08-10,2024-11-06,This goal involves partnership efforts across multiple departments.,Critical,78.96,70.91,Efficiency,True
2e02931a-a560-406d-83a7-ab9f0bba10bb,Open,Jessica Garcia,HR,2024-01-23,2024-03-19,Bring field yet.,Medium,65.55,63.69,Cost Reduction,True
8beb33de-0ed9-404d-9541-583de0bfd949,In Progress,Brenda Davis,Finance,2024-08-03,2024-09-18,Would yet audience vote station.,High,60.57,73.03,Employee Satisfaction,False
6562709b-0ff7-4344-bdff-12c6707d057b,In Progress,Melissa Knight,Finance,2024-01-25,2024-04-27,Senior teach indicate support indeed along speech most.,Medium,93.8,72.37,Cost Reduction,True
c0f71dd7-f724-48c3-ba95-52eb68974d1e,In Progress,Tyler Smith,HR,2024-06-23,2024-11-13,Spend expert detail purpose ask recent.,Low,93.14,82.42,Efficiency,True
96a14d2e-76e7-4a34-a827-27491786c736,Closed,Karen Brown,Finance,2024-07-17,2024-10-08,This goal involves joint efforts across multiple departments.,High,78.83,71.5,Customer Satisfaction,True
bfec360c-2e90-4afc-8cd8-9dda7c790111,Closed,Tina Costa,HR,2024-08-04,2024-11-16,Strong card manager later bank dog ability avoid.,High,59.68,69.08,Cost Reduction,False
55546d31-42e4-4d26-b8a1-e0ee43667a76,In Progress,John Anderson,IT,2024-10-04,2024-12-23,This goal involves joint efforts across multiple departments.,Critical,57.72,86.53,Employee Satisfaction,False
7cdff709-faaf-4157-8614-25d615330632,In Progress,Kyle Hernandez,IT,2024-01-24,2024-07-17,Care model usually one man.,High,54.91,78.05,Efficiency,False
347a1149-a0a3-4197-b3e4-70f4f7846e6f,Closed,Frederick Peters,HR,2024-01-03,2024-05-24,Especially along do out section house because.,Medium,50.44,72.07,Cost Reduction,False
118075f0-94da-4e96-a780-1b04c92e21ed,Open,Randall Hill,IT,2024-10-13,2025-04-11,Add front level region dark.,Low,90.45,60.8,Cost Reduction,True
6da0305e-1995-45ed-9175-2485cd93df0c,In Progress,Jill Beck,IT,2024-04-16,2024-09-06,Beat break hand blood allow wife until business.,Critical,51.81,79.83,Efficiency,False
859d8ea4-977a-4be4-b038-910287206e27,In Progress,Eugene Blackburn,HR,2023-11-24,2024-03-18,Likely management we personal society room strong.,Medium,88.52,83.87,Efficiency,True
1b8c2245-7d55-4429-9db3-a528601a2309,In Progress,Candace Jimenez,IT,2024-01-28,2024-03-07,This goal involves collaborate efforts across multiple departments.,Critical,69.25,78.08,Employee Satisfaction,False
b6c45f77-d583-4a0f-ad36-eceec1e6e69d,Closed,Sheila Carroll,IT,2024-06-05,2024-10-31,Responsibility drug several key single stage watch.,Critical,58.83,79.97,Employee Satisfaction,False
ad5e71bb-0929-4d13-ae3a-2f7adbf95d1b,Open,Samuel Williams,Sales,2024-09-28,2025-01-04,This goal involves cross-departmental efforts across multiple departments.,Critical,100.0,89.46,Revenue Growth,True
dd70a95d-9a13-432e-93bb-32931b830f04,Open,Suzanne Berry,Operations,2024-08-13,2025-01-31,This goal involves collaborate efforts across multiple departments.,Medium,100.0,62.35,Cost Reduction,True
02ca3456-1bc8-48aa-b0ce-b016cc8f9fd9,Closed,Meghan Davis,Operations,2024-08-06,2025-01-13,Tonight couple fill attack process cultural black.,High,52.77,79.14,Efficiency,False
248e0067-8f9a-401b-8a92-7943c34b2dde,Open,Natalie Nielsen,IT,2024-07-28,2025-01-04,This goal involves cross-departmental efforts across multiple departments.,Low,94.57,85.75,Customer Satisfaction,True
cb4509be-b087-4c20-807b-87ceb8886340,Closed,Chelsea Harrington,Operations,2024-09-14,2025-03-13,Open campaign red leave name.,Low,87.41,80.77,Revenue Growth,True
e2b5e379-16a0-4815-a0af-aa2f27cb0b06,Closed,Abigail Jones,IT,2024-08-08,2024-12-12,With democratic member degree country.,Low,55.66,74.78,Employee Satisfaction,False
808cfc0c-c79e-4b08-88c4-b7ae28ab090c,In Progress,Heather Gomez,Finance,2024-03-25,2024-07-14,Hour available what deal clear reflect.,Medium,97.0,83.27,Employee Satisfaction,True
1e4a0b61-a7e9-43d0-9810-77f046084bd6,Open,Kelsey Carney,HR,2023-11-06,2023-12-15,Seek actually practice center heart among indeed write.,Medium,62.1,87.48,Customer Satisfaction,False
4c613b52-ad2b-4112-8cf8-73496d5e7458,Closed,Laura Drake,HR,2024-10-20,2024-11-22,Air at history concern power Mr final anyone.,High,99.37,79.39,Customer Satisfaction,True
74c9c22e-8c43-4939-b265-d9ca55b71f13,In Progress,Thomas Nelson,IT,2024-04-19,2024-08-28,Class recognize street hair after teacher radio.,Low,53.99,67.6,Cost Reduction,False
99bf2512-6aeb-4234-be61-94ef15f9b961,Closed,Mark Morris,HR,2024-07-30,2025-01-14,This goal involves integration efforts across multiple departments.,Medium,64.14,74.94,Cost Reduction,False
ef39d4f4-6489-4f93-823f-671f31cc3bd0,Closed,Joanna Garcia,Finance,2024-10-22,2025-03-14,Generation leader professional keep some group.,Medium,90.05,85.92,Customer Satisfaction,True
5c7f30a4-4245-4328-b9e9-62c84dd8ab57,In Progress,Michael Bradley,HR,2023-11-02,2024-01-08,Article guess it board population experience.,Medium,51.06,73.4,Customer Satisfaction,False
0065cf87-268f-446c-9487-93033fd598f3,In Progress,Nancy Hays,IT,2024-02-16,2024-05-17,This goal involves cross-departmental efforts across multiple departments.,Low,72.29,79.19,Employee Satisfaction,False
8e8fe63c-3a38-4f0b-8a49-f243742196ef,In Progress,Michael Barr,Operations,2024-07-09,2024-12-25,All just professional sell daughter fish give.,Critical,65.38,75.98,Customer Satisfaction,False
2714601d-66e5-4e7b-aec0-ad2251442e03,Closed,Daniel Smith,Operations,2024-07-06,2024-11-29,Build easy because recently able.,Critical,58.43,74.74,Efficiency,False
06befdb6-98c3-47e0-adcd-43d6573a5ad1,Closed,Haley Alexander,Operations,2024-03-11,2024-06-24,Off imagine none matter build identify.,Low,90.99,71.32,Cost Reduction,True
f639326c-4a1a-4345-996f-69b6fa708330,Closed,Derek Smith,Finance,2023-11-30,2024-05-05,This goal involves integration efforts across multiple departments.,Medium,89.15,73.8,Efficiency,True
ba68581b-f6b5-49b0-b19f-f8d77671e00e,Closed,Martin Nelson,Sales,2024-01-22,2024-03-16,Perform above hear commercial including evening.,High,51.77,74.65,Cost Reduction,False
5ab4b81a-1bfa-4de4-823b-81fd9bde6ee2,In Progress,Laura Clark,Operations,2024-06-28,2024-11-11,Condition no board own fight laugh still.,High,58.69,77.32,Customer Satisfaction,False
17d263c9-6821-4783-b896-a48e3a72b187,In Progress,William Smith,Sales,2023-10-31,2024-02-03,This goal involves integration efforts across multiple departments.,Low,60.23,79.37,Employee Satisfaction,False
9f8cd860-0442-4ef7-ba0b-2b36ab523847,Open,Miguel Smith,HR,2024-03-16,2024-09-04,Strategy avoid national herself professional.,Critical,54.6,72.47,Efficiency,False
218760ef-17a5-4470-9d27-af947460beb4,Closed,Matthew Brewer,Operations,2024-09-13,2025-03-11,Bed investment such common somebody real.,Low,75.31,74.68,Employee Satisfaction,True
72756dea-ae92-4786-9318-9029053bc188,Closed,Jeremiah Brown,Operations,2024-09-04,2024-11-29,Cost contain factor seat.,Medium,52.1,72.98,Cost Reduction,False
df5f7094-f85e-48fa-96e1-221c0d5bd350,Open,Lauren Scott,Finance,2024-03-21,2024-07-06,This goal involves partnership efforts across multiple departments.,Critical,71.5,79.07,Employee Satisfaction,False
fae9e7f4-fd6b-408a-972b-f8994ae49fe4,Closed,Erin Hubbard,HR,2024-05-26,2024-11-22,Certainly up carry follow table force feeling.,Low,70.95,82.31,Customer Satisfaction,False
ec3df62c-d811-4d3c-a2ea-b903c99a2267,In Progress,Jonathan Morris,Finance,2024-03-28,2024-07-30,Red growth politics.,High,58.22,71.99,Customer Satisfaction,False
99926c37-2ba1-4b9d-bc64-ffe11b8c4757,Closed,Sean Ayala,Operations,2024-01-15,2024-02-29,Maintain three growth manager enough mother.,High,52.43,86.48,Employee Satisfaction,False
f006dded-9133-4a46-95da-424a9cd45b08,Open,Jennifer Hoover,IT,2024-04-09,2024-05-14,This goal involves joint efforts across multiple departments.,Medium,65.33,64.1,Cost Reduction,True
0953d910-0e28-4de5-b68c-fab1c8305a61,Closed,Justin Pittman,Sales,2024-08-11,2024-11-08,Light begin sign right.,Medium,65.3,75.55,Efficiency,False
619f5dac-60b0-4f47-977e-e6ec29972055,Open,Robert Thomas,IT,2024-02-17,2024-05-21,Article receive center drop left matter officer though.,Critical,95.17,77.16,Customer Satisfaction,True
83770dd7-4a10-4b68-ba20-b6b6aa526970,Closed,Stephanie Smith,Operations,2024-03-07,2024-04-10,This goal involves cross-departmental efforts across multiple departments.,High,70.75,84.91,Customer Satisfaction,False
61138186-a17e-4133-b099-9e257355e277,Closed,Chase Edwards,IT,2023-12-29,2024-02-24,State stock build energy by.,Medium,98.09,85.66,Employee Satisfaction,True
f8b8b2da-5225-452a-a23d-05ce0ba292e1,Closed,Nicole Love,Operations,2024-10-22,2025-03-18,Generation pretty if chance manager.,Critical,59.18,73.72,Cost Reduction,False
ed72038e-8f26-4cde-8b16-adc7c2cfb8ec,In Progress,Brittany Crawford,Finance,2024-02-19,2024-04-09,This goal involves integration efforts across multiple departments.,Medium,72.36,81.71,Efficiency,False
73d8571b-90fd-4735-bb20-b062f78c714b,Closed,Brittany Love,IT,2024-06-30,2024-10-13,Yeah important camera.,Medium,58.05,72.29,Employee Satisfaction,False
dfc4f94c-2eee-4710-a27d-e7280e2c113f,Closed,Susan Brown,Sales,2023-12-22,2024-05-10,Structure job magazine put live fight.,Low,63.11,77.97,Employee Satisfaction,False
724cebdc-3e8a-47a9-97f0-f13c9e1b51a9,In Progress,Jeremiah Richardson,HR,2024-09-02,2024-12-21,This goal involves cross-departmental efforts across multiple departments.,High,93.36,86.64,Efficiency,True
dc6792e0-16c4-481d-97e4-f04bee63d291,Closed,Jennifer Robinson,Operations,2023-11-16,2024-01-18,But list team method list.,Critical,59.61,83.4,Revenue Growth,False
94bceb41-a0e1-48d1-b527-ab8df7cb05aa,Closed,Shelby Yang,HR,2023-12-20,2024-02-01,Senior shoulder personal cup.,Medium,59.36,74.25,Efficiency,False
ee6383e7-03aa-46a5-9001-2d9fb57d2e58,Open,Katie Townsend,Finance,2024-06-21,2024-10-18,Similar simple measure have painting bar music.,High,72.1,86.14,Revenue Growth,False
6a96ce81-1d4a-4e0b-adc1-eccb5693bdba,Closed,Jennifer Alvarez,IT,2024-03-23,2024-09-11,Fear theory amount mouth wonder necessary.,Medium,71.35,60.58,Cost Reduction,True
ec01eaf9-69b5-4eb2-b938-2805ad836015,In Progress,Samantha Anderson,Operations,2023-12-10,2024-04-07,This goal involves cross-departmental efforts across multiple departments.,Critical,100.0,74.82,Cost Reduction,True
4026b2ee-5484-427b-90a9-03f53c0f123f,Closed,Tammy Blake,Sales,2023-11-17,2024-03-22,This goal involves integration efforts across multiple departments.,High,69.92,85.54,Employee Satisfaction,False
de3673b9-83a0-4061-9fa9-636964c895e8,Open,Olivia Peterson,Sales,2024-05-12,2024-07-21,This goal involves cross-departmental efforts across multiple departments.,Critical,65.08,79.71,Revenue Growth,False
adfe4e4e-1316-42c4-8edd-9d8310144ed7,Closed,Linda Curtis,Finance,2024-02-04,2024-06-01,Person travel represent wonder step.,Critical,56.33,80.54,Employee Satisfaction,False
f4ba2a9e-f16f-40dc-a70c-8fcbb1c95cc5,Open,Jeffrey Pearson,HR,2024-03-15,2024-04-28,Either other answer war seven.,High,55.87,75.28,Cost Reduction,False
abc90631-43cc-47f0-bee7-2a217ecd3f0e,Open,Benjamin Benson,Finance,2024-05-27,2024-10-31,Low system loss fact fear TV.,Critical,66.67,80.01,Employee Satisfaction,False
d54fd1c3-f217-4232-8005-519be7a6eb58,In Progress,Joshua Sherman,Finance,2024-06-14,2024-10-23,Range return job audience today middle rise listen.,High,80.74,66.26,Cost Reduction,True
ddd44f82-f5f9-4fff-b3b4-50f7efde3354,In Progress,Thomas Arnold,HR,2024-05-23,2024-09-04,Pretty budget speak situation event.,High,88.64,78.95,Cost Reduction,True
507a919f-04d5-4777-bf07-ae48d2ca6e90,Closed,Peter Dixon,Operations,2024-09-02,2024-10-24,This goal involves partnership efforts across multiple departments.,Low,100.0,71.57,Employee Satisfaction,True
95d5a7e5-2a64-42c7-9ace-6f0c0ef71573,Open,Norman Nguyen,Operations,2024-02-27,2024-05-10,This goal involves partnership efforts across multiple departments.,Medium,93.91,75.52,Cost Reduction,True
b4711558-ccd0-41b5-815b-7060f15fd362,Closed,Tammy Mcgee,Sales,2024-06-28,2024-09-26,This goal involves partnership efforts across multiple departments.,Critical,86.81,75.18,Cost Reduction,True
9d6e2583-ba03-432b-8e51-4db7e74123a0,Closed,Mr. Ronald Green Jr.,HR,2024-10-03,2025-02-28,Open despite car computer onto.,Medium,63.53,81.29,Revenue Growth,False
8be25dc6-e8ee-4c81-9940-d70a832e5b05,Closed,Marcus Mcdaniel,Operations,2024-09-16,2025-01-04,Mind morning after item production tax.,High,65.33,85.93,Customer Satisfaction,False
0925658e-352c-42cb-a89a-228f3ec48e49,In Progress,Amanda Hopkins,IT,2024-06-20,2024-08-07,This goal involves integration efforts across multiple departments.,High,69.25,71.53,Efficiency,False
558291e4-f61b-4b1a-b682-a9ce973c8a8d,Closed,Karl King,IT,2024-03-15,2024-08-21,Thank person represent these attorney.,High,62.56,87.92,Employee Satisfaction,False
6e6d8fb1-4599-4981-a6a1-0ecb819bc94c,Closed,Emily Trujillo,Sales,2023-11-19,2024-03-10,This goal involves collaborate efforts across multiple departments.,High,81.87,86.22,Revenue Growth,False
80170ba2-2759-457c-bcf3-aa195ea8358d,Open,Grace Peters,IT,2024-06-07,2024-08-20,Election low pull around score heavy.,High,52.45,70.45,Cost Reduction,False
b89385ed-8a54-46fd-a9cf-14679c3c263a,In Progress,Patricia Davenport,Operations,2024-06-25,2024-11-01,Discover suffer gas friend.,Medium,88.43,82.62,Employee Satisfaction,True
bdb51198-9f60-41cf-bc66-e21e4e41f712,In Progress,Chelsea Shea,Finance,2024-08-26,2025-02-14,Road Congress wear away street several upon.,High,74.56,88.13,Employee Satisfaction,False
0068176a-25c1-4c16-85d8-0ab047610cc7,In Progress,Rebecca Yang,Finance,2024-09-12,2025-03-10,Create challenge today protect.,Low,53.0,83.24,Customer Satisfaction,False
d370d3e4-811e-4e92-9ccd-b86f96447824,Closed,David Miller,Finance,2024-03-03,2024-06-20,Region factor against at.,High,69.4,83.4,Revenue Growth,False
513a483f-6488-4a4a-a825-b1c1813e5c28,Closed,Craig Moore,IT,2024-03-21,2024-05-13,This goal involves integration efforts across multiple departments.,Medium,100.0,74.28,Employee Satisfaction,True
52422bb8-522f-45e5-a87c-71aea5908cf4,Open,Donald Welch,Sales,2024-05-12,2024-07-20,Force admit part through improve bill.,High,61.67,70.8,Cost Reduction,False
36924924-103f-4213-b919-5074f57cec9a,Closed,Anna Arellano,Finance,2024-01-15,2024-05-10,Understand talk action phone better street southern.,Critical,70.53,86.63,Revenue Growth,False
14c135bc-ce02-4339-8f08-61422c3a7cea,Open,Christopher Gibson,HR,2024-08-03,2024-09-13,Kid investment happen score particularly.,High,66.71,82.21,Employee Satisfaction,False
855b4767-bbad-4853-b648-e6c38cf7ebf5,In Progress,Andres Stewart,Sales,2024-08-22,2025-02-04,Night director gun office organization organization.,High,59.82,86.7,Customer Satisfaction,False
11e27075-3235-4bd3-810d-f3208b29aba6,Closed,Ashley Miller,HR,2023-12-04,2024-04-30,Republican purpose behind present month why mention side.,Medium,78.58,73.24,Efficiency,True
c51c5261-b315-45ca-9de7-7298d8c2e59a,Closed,Christopher Huffman,Sales,2023-12-25,2024-03-28,Police long building drop note else.,Medium,94.15,62.05,Cost Reduction,True
0d674414-e352-4cf2-b169-7a27eea7a79a,Open,Kimberly Lopez,Operations,2023-11-28,2024-01-18,Bank its production way.,High,98.86,78.75,Customer Satisfaction,True
19f38a9e-5d8e-4b05-9bd0-d0c3342611ae,Open,Jeremy Wiggins,HR,2024-10-05,2025-02-01,Keep friend give price memory own.,High,51.04,67.72,Cost Reduction,False
9ef3f7e0-070c-45f1-a5b0-cf757d64f148,Open,Kyle Thompson,Finance,2024-02-06,2024-05-27,What state really herself return.,Low,73.44,62.75,Cost Reduction,True
2237a5c1-67c8-463a-9fe5-c7afe983d3a7,In Progress,Jason Hernandez,Sales,2024-01-15,2024-06-13,Charge bag parent camera.,Medium,78.15,74.31,Employee Satisfaction,True
e4938db5-9001-40ad-a918-a1ca3aae3666,Closed,Jennifer Harris,IT,2024-01-16,2024-06-29,This goal involves integration efforts across multiple departments.,Critical,67.55,74.77,Employee Satisfaction,False
de6b7496-a70d-4dc8-9554-0cb3e3aeac9d,Open,Katie Ibarra,Finance,2023-12-24,2024-05-29,Tree keep side receive do country tree.,Medium,57.1,84.37,Revenue Growth,False
031e655c-4277-4d11-be7c-6db7696caf58,Open,Jordan Cooper,IT,2023-12-24,2024-04-22,This goal involves collaborate efforts across multiple departments.,Medium,74.13,77.21,Customer Satisfaction,False
ecd49ec0-8d81-4b49-a378-2ef43243cf93,Closed,Matthew Reed,IT,2024-04-30,2024-06-04,This goal involves cross-departmental efforts across multiple departments.,Low,59.19,75.07,Employee Satisfaction,False
f87b4c26-17be-4bd1-a92b-9a536cd6d325,In Progress,Kylie Johnson,Sales,2023-11-25,2024-01-20,Wind arrive subject similar.,Medium,96.44,80.92,Revenue Growth,True
406ab6a4-d54e-40b7-a801-becd8692dffa,Open,Bianca Robinson,HR,2024-01-18,2024-06-18,This goal involves cross-departmental efforts across multiple departments.,Low,100.0,74.03,Customer Satisfaction,True
4c621bf2-8eca-4cce-86d6-01c8675a8858,In Progress,Rachel Robinson,Operations,2024-01-20,2024-06-29,Same once say region box.,Low,87.92,85.07,Employee Satisfaction,True
07f54db4-8830-4c3b-a9f7-55a62464f348,In Progress,Eddie Snow,Finance,2024-01-01,2024-04-24,Dinner firm door concern.,Critical,72.25,84.87,Efficiency,False
4e7f926e-e1af-4fdd-a127-8aab94d13579,In Progress,Scott Ramirez,Operations,2023-11-30,2024-02-15,Tough behavior claim forward meeting.,Medium,51.27,75.33,Employee Satisfaction,False
ca3a90ce-80bf-4b4c-84fc-7f3d53eab6ee,In Progress,Jeffrey Shaw,Finance,2024-01-12,2024-05-31,This goal involves integration efforts across multiple departments.,Low,96.9,71.6,Revenue Growth,True
e6ea7d15-082b-426d-8e26-c2c21d3018d8,Closed,Cody King,HR,2024-06-01,2024-08-12,This goal involves integration efforts across multiple departments.,High,70.91,78.7,Employee Satisfaction,False
a5bed7d7-3de4-4ffc-903b-ec32e8c004e9,Open,Anna Miller,Finance,2024-06-05,2024-10-16,Heavy design Mr effort defense prove financial paper.,Medium,95.55,70.62,Efficiency,True
0861a47c-a8b9-44c1-8246-de1c734644d7,Closed,Kevin Shaffer,HR,2024-03-02,2024-04-09,Arm difficult agree economic ok.,Critical,60.02,77.66,Customer Satisfaction,False
a4d00481-0c57-42f8-ac70-8611e85576e0,Closed,Christine Newman,Sales,2024-08-12,2025-01-04,Dinner blue himself partner especially.,High,58.2,80.59,Efficiency,False
14b16086-c27a-4849-8a3a-ee9d0e204209,Closed,John Nguyen,Operations,2024-06-26,2024-09-27,This goal involves partnership efforts across multiple departments.,Critical,60.55,71.23,Cost Reduction,False
8d76d904-5d7f-4d1e-b7f8-a50c0fabcaf3,In Progress,Shirley Davenport,Sales,2024-06-07,2024-09-18,This goal involves collaborate efforts across multiple departments.,High,67.89,87.97,Employee Satisfaction,False
a6466999-8437-477a-a02a-69e9cbfddc02,Closed,Leah Munoz,Operations,2024-01-09,2024-05-06,This goal involves integration efforts across multiple departments.,Medium,76.03,74.24,Cost Reduction,True
61f86922-bfca-4623-a98a-4686c5888409,In Progress,Geoffrey Chan,IT,2024-07-04,2024-09-29,Follow administration model.,Low,80.75,69.88,Cost Reduction,True
b3ece8d8-8507-42bf-b428-2d4182538d4d,Closed,Anne Sanchez,Operations,2024-06-17,2024-11-13,Someone short sing fish budget once ground.,Critical,93.76,77.96,Revenue Growth,True
0bed04ce-2671-4a13-84b2-6b3976243cbd,In Progress,Kayla Braun,IT,2024-04-17,2024-08-30,This goal involves integration efforts across multiple departments.,Low,69.64,79.0,Employee Satisfaction,False
bc71822b-2037-4f91-b210-84e8c3db3263,Closed,Nancy Murphy,IT,2024-06-15,2024-08-30,Treatment notice half.,High,76.69,72.48,Customer Satisfaction,True
4cc56455-4f4a-4e63-8775-0a632c35ff87,Open,Bill Acevedo,Sales,2024-04-29,2024-08-19,Strong each check blue research nature meeting.,High,56.75,86.92,Customer Satisfaction,False
71f0c361-cbe8-4a6f-ac84-277f9f964218,Closed,William Moore,IT,2024-06-09,2024-09-17,Group be baby check really gun.,Medium,92.99,82.82,Customer Satisfaction,True
a349a31d-5795-4788-9aa3-5039b94c3150,Closed,Sara Stanley,Sales,2024-03-11,2024-05-23,Blue lead fish pretty real black.,Medium,67.55,81.27,Revenue Growth,False
c774eec2-a39c-470e-b21f-cdc7183e6875,Open,Austin Collins,Finance,2024-09-09,2024-10-20,This goal involves partnership efforts across multiple departments.,High,69.48,82.78,Revenue Growth,False
86f4051f-517e-46c5-bdc6-58360e95a9f0,In Progress,William Duffy,Operations,2024-07-26,2024-12-26,Conference structure service modern create huge computer finish.,Low,73.17,71.46,Customer Satisfaction,True
f143985d-af85-4e67-8f52-40637fd490c4,In Progress,Kristin Smith,HR,2023-12-28,2024-05-29,Detail human product fall street material firm.,High,67.89,84.37,Employee Satisfaction,False
72a8febd-51b5-457a-a869-f8b06dc51e3a,In Progress,Pamela Campbell,HR,2024-04-19,2024-06-21,This goal involves joint efforts across multiple departments.,Medium,86.94,75.35,Efficiency,True
612f90b1-48eb-41f8-b0b3-3ad6fc5b1eef,In Progress,Sara Williams,HR,2024-08-18,2025-01-02,Coach color drive field share rule way.,Low,70.68,88.68,Customer Satisfaction,False
b36f522a-0bc2-47cb-b321-90d0ef01938b,Open,Brandon Contreras,Sales,2024-09-06,2025-02-10,Himself region collection.,High,54.64,71.8,Revenue Growth,False
823e7213-7554-493a-b90e-7fee2cbfe8e1,In Progress,Monica Riley,Sales,2024-05-26,2024-08-19,This goal involves cross-departmental efforts across multiple departments.,High,74.49,86.86,Revenue Growth,False
91920fa8-1f12-4c13-b6ce-00333a597977,Open,Dale Raymond,Finance,2024-05-20,2024-10-07,Operation upon improve happen attention.,Low,56.94,77.32,Customer Satisfaction,False
59e4630c-2a12-473f-bf70-2f065fa66645,Closed,Karen Sloan,IT,2024-02-16,2024-05-05,This goal involves partnership efforts across multiple departments.,Medium,100.0,81.0,Efficiency,True
aadf18e6-cc03-4de3-8cac-d37b4a8a52ec,Closed,Amanda Hanson,Finance,2024-01-03,2024-03-05,Speak call best need third benefit often.,High,67.95,78.78,Cost Reduction,False
b9e3aa76-6c83-4600-a6dc-1fe1b888a9d3,Open,Caitlin Norton,IT,2024-06-21,2024-11-28,This goal involves joint efforts across multiple departments.,Medium,69.29,86.08,Employee Satisfaction,False
450979ce-dff8-4cf1-aca9-a2fcd05e9d3c,Closed,Jennifer Campbell,Sales,2024-05-05,2024-08-26,Future right some upon investment foreign front.,High,65.94,86.85,Revenue Growth,False
85222596-af73-4eb5-bd58-d9f4e9087f68,Closed,Lisa Arellano,IT,2024-02-08,2024-07-23,This goal involves collaborate efforts across multiple departments.,Medium,100.0,83.48,Employee Satisfaction,True
f1308394-c9fc-4ad1-875a-4711d8ab9d20,Closed,Laura Anderson,Finance,2024-08-19,2025-01-17,Purpose ago chance inside less.,Low,65.55,81.55,Efficiency,False
6d34afb9-4ffe-461b-a044-daa077b0c980,Closed,David Ryan,HR,2024-06-14,2024-08-26,Network south scientist wonder vote under data.,Medium,58.82,72.96,Revenue Growth,False
c9463237-28c4-4208-8ef8-c1dde0d70cab,Open,Rebecca Dawson,IT,2024-07-27,2024-09-23,Leg education player yeah identify magazine west move.,Critical,59.77,83.81,Customer Satisfaction,False
e8d8d954-cbf8-47f4-8cec-0ada701d4e48,Closed,Jennifer Marshall,HR,2024-08-26,2024-10-10,Life economy together drop read ten bill deep.,Medium,57.37,79.57,Customer Satisfaction,False
d1836034-e0b4-4355-9911-162f08875341,Open,Zachary Hunter,HR,2024-01-19,2024-07-03,Wall add notice stand word blue plan.,Medium,68.98,83.61,Efficiency,False
a56ebda9-b185-44c6-b502-926ebaee3685,In Progress,Amanda Wilson MD,IT,2024-06-30,2024-11-30,This goal involves integration efforts across multiple departments.,Low,99.04,89.46,Customer Satisfaction,True
26c6501a-e1c7-43e3-b69f-17635bbf34bd,Open,Heather Rivas,HR,2023-12-01,2024-03-21,Place decision really.,High,51.89,75.47,Employee Satisfaction,False
c5274d81-8a9b-4953-b5e4-9de05299c129,Closed,Melanie Harris,IT,2024-02-08,2024-06-14,Save husband mean character ground culture trouble responsibility.,Low,54.55,75.81,Employee Satisfaction,False
0cef4947-b510-4f9d-8ac8-b4da1f8930c9,Closed,Nancy Wallace,Finance,2023-11-18,2024-03-15,Almost analysis international.,Medium,90.2,86.56,Employee Satisfaction,True
7b2e8b3c-3765-4818-98aa-8dcc17ba3a79,Closed,Jason Martin,Operations,2023-12-16,2024-02-19,Seem subject PM law middle.,Medium,87.52,73.4,Cost Reduction,True
29bf9c89-0852-42d7-ba80-3a732187c0e8,Closed,Jerry Cole,Sales,2024-10-13,2024-11-25,Difficult off impact.,High,75.54,75.42,Cost Reduction,True
45d8fff2-5e32-473d-bde5-c2bbce2debc3,Closed,Sarah Martin,Sales,2024-05-18,2024-09-29,This goal involves integration efforts across multiple departments.,High,76.26,82.92,Employee Satisfaction,False
20d9a826-68d1-403f-961e-36203f4eb3ba,Closed,Adam Patel,Sales,2024-01-28,2024-07-12,This goal involves joint efforts across multiple departments.,Low,63.73,60.73,Cost Reduction,True
d8e789c0-b605-4d63-8bf6-67f2fe717b53,Open,Carlos Martinez,Operations,2024-06-24,2024-08-02,Tough condition black local who.,High,55.32,66.7,Cost Reduction,False
3bc107b3-fa9f-4ef4-ae8e-2f449f63b1aa,Closed,Scott Davis,IT,2024-07-12,2024-12-23,This goal involves partnership efforts across multiple departments.,Low,82.61,73.86,Employee Satisfaction,True
592e65de-c5f2-409b-82b1-d13f388ac056,In Progress,Scott Freeman,Operations,2024-04-07,2024-06-23,Would pattern thought remember hotel purpose.,Medium,79.51,75.15,Cost Reduction,True
6bda3397-eb15-4d43-99cc-fa8cebd5fcc5,Closed,Derrick Heath,HR,2024-09-15,2025-02-01,Huge mission once.,High,94.58,89.63,Revenue Growth,True
71a91519-772e-442f-9cea-b73f98677550,Open,Denise Brown,Finance,2024-08-23,2024-11-27,Side we home piece happen.,High,61.59,76.04,Employee Satisfaction,False
214dedce-0c18-4cac-b7dd-13df402b7f8a,Open,Christine Paul,Operations,2024-06-23,2024-10-23,This goal involves integration efforts across multiple departments.,Critical,81.34,83.72,Customer Satisfaction,False
4ec47ce7-3e08-45a4-b5ef-f9bb7b18a1b4,In Progress,Cynthia Johnson,Finance,2024-03-07,2024-06-20,This goal involves joint efforts across multiple departments.,Medium,100.0,79.1,Efficiency,True
00d94c44-4c4c-4eda-906e-317e2564405c,Closed,Samantha Tapia,IT,2024-10-05,2025-03-04,Bed international mouth.,Low,64.07,83.61,Revenue Growth,False
9adc0aa4-7e08-4064-bb6f-7ac75cf534d9,Open,Mr. Michael Smith MD,IT,2024-10-24,2025-03-17,This goal involves partnership efforts across multiple departments.,Medium,100.0,86.58,Revenue Growth,True
8b3fb8be-83ab-42a6-82b3-f05ab84ecdcd,Closed,Michael Ramirez,Sales,2024-07-06,2024-09-16,Always special school successful.,Low,61.9,84.34,Efficiency,False
af9dfb58-1f5f-4d02-9c4c-d79d27b71179,Closed,Joseph Howe,HR,2024-10-05,2024-11-18,Culture threat smile then.,Critical,64.25,81.18,Employee Satisfaction,False
edea6f4b-fa31-4084-99bd-dc0f8440d4bb,In Progress,William Holden,Finance,2024-09-30,2025-02-08,Politics war receive both hospital skin walk.,Low,80.93,70.91,Efficiency,True
f3faf729-e80d-42ff-a478-70cb65eaf9a7,Open,Ann Walker,IT,2024-05-29,2024-07-13,Within born car church sell level age.,Low,68.53,63.6,Cost Reduction,True
1ba5959a-4d47-4fed-9b3b-255736fdfcc7,Closed,Alexis Brown,HR,2024-04-05,2024-08-08,Order oil attorney thought agreement case.,High,61.19,71.6,Employee Satisfaction,False
e5c6e9d5-3bac-43a5-b184-e4c128548624,Closed,Christina Roberts,Sales,2024-10-03,2025-01-30,Hear high here nearly.,Critical,54.36,74.56,Cost Reduction,False
e0095a33-a73d-4d7f-996b-8feba2bdfc23,Open,Paul King,Finance,2024-10-07,2025-01-21,Should education morning smile region religious reach.,Medium,56.55,86.47,Employee Satisfaction,False
e11469d1-18e2-4454-8c30-69c48df0cf3d,In Progress,Michael Callahan,Sales,2024-06-23,2024-10-01,Republican lay firm southern you his.,Low,91.98,86.19,Customer Satisfaction,True
7cf91300-20aa-4e62-8652-a1c1c8853f50,Open,Brian Ryan,Sales,2024-08-09,2024-10-30,This goal involves partnership efforts across multiple departments.,Critical,60.71,77.44,Cost Reduction,False
e8c6726c-1f38-4f0e-92df-262acb7ea874,In Progress,Emily Miller,Sales,2023-12-18,2024-06-03,Particularly even field.,Medium,92.24,89.87,Customer Satisfaction,True
a45af052-39d0-4714-9ec4-50d957967755,Closed,Kimberly Brown,IT,2024-01-23,2024-05-13,Hour daughter main Republican.,Medium,79.47,76.04,Revenue Growth,True
4cb39999-4c58-43db-b4c9-74d474c11944,Closed,Aaron Aguilar,IT,2024-01-27,2024-04-22,This goal involves partnership efforts across multiple departments.,High,74.81,88.23,Employee Satisfaction,False
13f76157-b376-443e-852a-6a6a1093918e,In Progress,Caitlin Mayo,Finance,2024-07-26,2024-11-21,Husband available important.,Medium,54.89,72.98,Employee Satisfaction,False
d79c5192-59d1-4509-986d-24a3836d9715,Closed,Raymond Ortiz,HR,2024-06-14,2024-09-13,In world north.,High,65.91,88.29,Customer Satisfaction,False
e53d4579-8cb8-4924-914f-0c498b2ff94f,In Progress,Mrs. Kelly Morgan MD,IT,2024-06-24,2024-12-06,This goal involves integration efforts across multiple departments.,High,79.56,88.44,Customer Satisfaction,False
1a5da064-5f08-48b1-916b-1e1eb071c91e,Closed,Christopher Long,Sales,2023-11-09,2023-12-22,Technology section it way car.,High,94.42,71.46,Efficiency,True
919666f0-b13e-47ee-9358-54fbc1ff6d5c,Closed,Christopher Erickson,IT,2024-02-07,2024-05-02,Miss bad television from nothing.,High,55.97,88.18,Employee Satisfaction,False
ca24e357-5c54-474f-ab6e-12801f08af7e,Open,Gabriel Peterson,Finance,2024-06-21,2024-11-20,Provide young action structure base interesting question involve.,Medium,82.9,74.79,Customer Satisfaction,True
a1eaf939-a938-4ba5-939c-c6567b074f26,In Progress,April Kelley,HR,2024-10-28,2025-03-26,Best garden letter mission sea him.,Medium,93.41,87.66,Revenue Growth,True
70c5d831-8c9d-40b5-83cb-83d499548d60,Closed,Angela Stephenson,HR,2024-10-09,2025-01-28,Onto piece defense six.,High,52.11,74.43,Customer Satisfaction,False
d0f44529-cf15-40a7-b759-304c13c1e68a,In Progress,Lisa Bradford,IT,2023-12-16,2024-06-12,This goal involves joint efforts across multiple departments.,Medium,100.0,77.6,Revenue Growth,True
deea11cd-f74b-476b-81da-05aba347201f,Closed,Aaron Barrera,Operations,2024-05-04,2024-08-07,Staff great take number human road.,Low,94.54,73.36,Employee Satisfaction,True
273dc022-cd0b-4904-ad2b-dac182569354,Open,Kimberly Miller,Sales,2023-11-10,2024-04-27,According college particular summer only.,Critical,65.27,89.14,Employee Satisfaction,False
2c395d81-13ae-47ee-a8fd-f5675f397a0a,Open,Sydney Griffin,Finance,2024-07-21,2024-08-21,Eight truth rule community paper season.,Critical,78.92,73.02,Employee Satisfaction,True
3ec294f0-ead5-4cd2-99db-a27c14bfe468,In Progress,Morgan Luna,Operations,2024-09-03,2024-10-18,Show here society interest yard of very next.,Medium,50.36,83.19,Revenue Growth,False
3a237ddb-b9bb-4258-b4d6-6654484ca386,Closed,Melinda Reyes,IT,2024-04-21,2024-09-03,Herself artist dinner order change.,Critical,55.39,65.73,Cost Reduction,False
9f69a487-f8be-48d5-b20c-8e0a05064e71,Closed,Michael Schneider,HR,2023-12-29,2024-03-13,Let world own house black.,Low,79.36,72.4,Cost Reduction,True
0c940071-921b-46dc-81bc-052f530e0fa3,In Progress,James Harris,Operations,2024-06-30,2024-11-08,Raise above of hand clear bad.,High,55.6,79.8,Cost Reduction,False
9298e1ec-31ea-4dd4-9db5-fe39c363d5df,Closed,Mrs. Jill Duarte,Finance,2024-07-05,2024-08-12,Nation write plan third.,High,62.46,72.73,Cost Reduction,False
d8427777-ab50-4180-9d05-6cc5b8f7649e,Open,Andrea Rodriguez,HR,2023-12-10,2024-04-29,There machine policy.,Medium,81.39,80.56,Efficiency,True
aea8e26f-28fc-4a58-8637-5a1612a3cde7,Open,Kimberly Wells,IT,2024-06-07,2024-11-05,This goal involves integration efforts across multiple departments.,Critical,60.34,81.27,Efficiency,False
dede8c0d-bdc3-4b39-ab0c-33adc15d2d85,In Progress,David Copeland,Finance,2024-04-05,2024-06-27,Still source home effort need.,Critical,58.55,88.58,Revenue Growth,False
767e34d4-89f8-4418-95fe-d92364539ab5,Closed,Jacqueline Brown,Sales,2023-12-16,2024-06-08,Sometimes week Congress from else hospital reality.,Medium,96.81,84.79,Employee Satisfaction,True
95b87545-7049-472c-a54d-8034ea13455b,Closed,Thomas Guerra,Finance,2024-09-04,2025-02-09,Heart resource door.,Critical,62.93,76.81,Efficiency,False
42b34a9d-f98f-48b4-9f90-e10006a63f36,Closed,Miguel Cook,HR,2024-01-13,2024-05-05,Modern reduce measure this hot need yeah.,Medium,84.16,64.56,Cost Reduction,True
b6355a94-7ca8-4146-ba94-3d849b4173ed,In Progress,Jacqueline Jordan,HR,2024-10-20,2025-01-05,This goal involves partnership efforts across multiple departments.,Medium,83.11,74.93,Revenue Growth,True
ffe36c97-98d3-4fb0-98f3-991c0a3374a5,In Progress,Amanda Kim,Sales,2024-10-23,2025-03-01,This goal involves integration efforts across multiple departments.,High,58.02,85.23,Efficiency,False
d7de5148-6cf1-4b07-adb4-4c281207e2cd,In Progress,Matthew Gutierrez,HR,2024-07-01,2024-12-20,This goal involves collaborate efforts across multiple departments.,Medium,95.31,71.86,Revenue Growth,True
e7fd97ac-b90e-4f2d-9c38-d995c70bbd87,In Progress,Julia Collins,Finance,2024-06-27,2024-10-09,This goal involves partnership efforts across multiple departments.,High,72.76,89.56,Employee Satisfaction,False
7bafa61f-f08a-4a02-a0df-5a3afba11c47,In Progress,Natalie Warren,Sales,2024-06-27,2024-08-31,No treatment rise paper alone.,High,87.67,78.69,Efficiency,True
5d81f9b5-927e-483c-a71a-23b474e54b8d,In Progress,John Harris,Finance,2024-02-25,2024-06-26,Age special four at.,Low,90.42,82.33,Efficiency,True
c5c03517-c0f1-4fd3-a31b-6256fccbc29f,Open,Kimberly Gaines,Operations,2024-08-19,2024-09-19,Feeling million west.,High,55.55,76.59,Employee Satisfaction,False
670de494-0868-4b8c-961a-c112293549ab,Closed,Gail Hill,IT,2024-08-26,2024-10-29,One player art doctor capital.,High,99.16,76.28,Efficiency,True
2b863665-d938-4ecb-ab3d-7d79721ea24c,In Progress,Amanda Petersen,Operations,2024-06-27,2024-11-29,Happy leader hot oil matter impact.,Medium,90.93,85.72,Revenue Growth,True
6cec919f-cad3-4b45-a9cf-475de08376ff,Closed,Jessica Clark,Sales,2024-07-24,2025-01-09,Score exactly coach actually white for heart receive.,Medium,63.62,79.23,Customer Satisfaction,False
738008c5-bed3-43d3-9828-fbf388030094,In Progress,Margaret Anderson,Operations,2024-04-01,2024-05-18,This goal involves integration efforts across multiple departments.,Medium,100.0,83.17,Employee Satisfaction,True
33f9f3c4-4754-4301-b994-fa2d81de862e,Open,Becky Wood,HR,2024-04-14,2024-09-13,Shoulder want such health reflect specific.,High,62.96,83.83,Revenue Growth,False
09584297-d3c2-49e3-b1a5-317e6032e0b8,In Progress,Jennifer Mayo,IT,2024-05-28,2024-07-18,Important act develop above build.,Medium,74.14,72.94,Cost Reduction,True
47febdfa-54db-4463-a94e-b23a09aae632,Closed,Elizabeth Williams,HR,2024-04-10,2024-08-02,This goal involves joint efforts across multiple departments.,Critical,69.7,80.38,Employee Satisfaction,False
3e110d90-a691-4797-a82f-caae736f1925,In Progress,Alexandra Perez,Operations,2023-11-16,2024-03-25,Sense laugh leg.,Medium,50.42,76.9,Employee Satisfaction,False
bf62bcf1-cd2a-4695-88f2-4596bdcbdf34,Open,Chelsea Gregory,Operations,2023-12-01,2024-04-15,Rest idea movie.,Critical,81.61,66.24,Cost Reduction,True
f5778b0e-ee8d-470e-a18b-1c0d2d1086af,Open,Sherri Kidd,IT,2024-07-24,2024-12-24,Create face mention owner price every population.,High,54.92,76.38,Efficiency,False
c7271835-b7e3-4854-9bba-85000b6f64f8,Closed,Daniel Jackson,Finance,2024-06-05,2024-07-10,Big gun if moment director point.,Medium,92.2,89.68,Efficiency,True
d0552baa-5984-4491-a625-de4b1c243ea3,Open,Elizabeth Coleman,IT,2024-10-14,2024-12-23,Travel large other until would.,Medium,82.14,78.1,Efficiency,True
3e56749e-b2ad-42ec-b9ee-27ee6db15674,Closed,Samuel Rodriguez,HR,2024-04-30,2024-09-08,Accept rather federal.,Medium,68.73,68.59,Cost Reduction,True
fbcfc879-ccb2-4bbc-9e8f-2a8314f72592,Open,Jerry French,Sales,2024-03-20,2024-06-29,Later mind life.,Medium,73.76,67.32,Cost Reduction,True
37bb7ce6-f369-43c6-8489-fca24b4dbeaf,Open,Mrs. Sheila Phillips,Operations,2023-11-15,2024-04-18,Week nor husband.,Low,80.38,77.85,Revenue Growth,True
ea79920f-f8d9-4f81-b969-55a3a5368d41,In Progress,William Day,HR,2024-07-12,2024-09-24,Difference step red window.,Low,53.88,76.26,Efficiency,False
2e9146b5-807f-48ca-9ff4-5c93a1e67118,Open,Matthew Smith,Sales,2024-03-11,2024-07-14,Defense own outside later.,Medium,81.82,77.67,Customer Satisfaction,True
e741806a-74a8-40f9-82f8-35513999044b,Closed,Larry Ramirez,IT,2024-08-02,2024-10-15,This goal involves joint efforts across multiple departments.,Critical,57.81,79.02,Revenue Growth,False
111d755a-629b-473b-9d35-dc58df88be8d,Open,Clifford Fisher,HR,2024-01-31,2024-04-04,International sign many me.,Low,93.66,79.9,Customer Satisfaction,True
8ee002ca-0d8d-4c33-aa0d-ac907b1c5daa,In Progress,Gabriel Park,HR,2023-12-01,2024-05-04,This goal involves joint efforts across multiple departments.,Critical,64.17,75.5,Customer Satisfaction,False
873e338f-69b2-4c18-810c-d0a8a27f8c8e,In Progress,Taylor Ortiz MD,IT,2023-12-15,2024-05-19,Husband particularly court suffer.,Medium,99.83,80.86,Revenue Growth,True
df30c06a-d676-4b34-882c-27f03e6dfa61,Closed,Jessica Martin,Finance,2024-08-09,2024-12-29,Maintain blue throw price half.,High,55.71,83.07,Revenue Growth,False
e8728f9c-cd46-4a17-9434-666bbef5964d,Open,Richard Jefferson,HR,2023-11-11,2024-02-16,This goal involves collaborate efforts across multiple departments.,Low,69.89,74.74,Efficiency,False
37f0dc5a-b0bc-4b8a-b657-155eb50c40a3,In Progress,Susan Jensen,IT,2024-07-19,2024-12-05,Two one same thought.,Medium,64.88,86.11,Customer Satisfaction,False
c4b86513-2d82-4eca-b405-abcd16afd7ff,Closed,Monica Arnold,Operations,2024-08-28,2025-02-11,Consider care hit question thank.,High,63.17,75.35,Customer Satisfaction,False
54982924-13c9-4ae9-a606-1cfa28c05aa6,Closed,Kathleen Hull,Finance,2024-04-12,2024-06-15,Use he individual usually fast.,Low,60.86,72.54,Employee Satisfaction,False
24b05c4e-58e9-4dfa-9792-e78663da54fe,Open,Andrew Watson,Sales,2024-03-21,2024-07-11,Remain baby experience treat able.,Medium,86.51,81.55,Customer Satisfaction,True
1253ca4a-2ec3-4c9b-81ef-fe5b5c8027cc,In Progress,Nicole Morales,HR,2024-10-12,2025-03-06,At city should daughter protect probably wish from.,Medium,78.57,70.31,Cost Reduction,True
9d101937-4616-4e86-a845-f2991de5ecd4,In Progress,Sarah Ingram,HR,2024-09-11,2025-02-12,Six be open city black.,Medium,61.53,71.86,Efficiency,False
1ed2d0da-80b0-4e58-a181-448426dbfa89,Closed,Tara Allen,Operations,2024-03-07,2024-04-22,Second lawyer respond Congress seven administration police audience.,High,56.42,79.89,Revenue Growth,False
b7a900e5-9ecb-4e6c-bd77-56f9a81e2396,In Progress,Jessica Rosales,Operations,2024-09-26,2025-03-15,Standard PM get might case stand serve understand.,Critical,71.25,87.88,Revenue Growth,False
4ed921cd-56ae-4c08-bf46-511bb8241176,Open,Alisha Huff,Finance,2024-07-03,2024-11-27,Total art develop air significant chair could.,Critical,54.8,60.01,Cost Reduction,False
834396ca-8751-4326-aae9-f07c549182d3,Open,Emily Wilson,Sales,2024-02-14,2024-05-31,North war design interview yard friend.,Low,79.09,77.21,Customer Satisfaction,True
1df8476e-3ccb-48a1-8991-1419961ac33a,Closed,Sarah Barry,Sales,2024-06-02,2024-07-15,Exist deep relate culture.,Medium,51.69,78.58,Employee Satisfaction,False
8063154f-9094-49c4-bd4c-851b3409e9fe,Open,Chelsea Caldwell,Finance,2024-09-26,2024-12-19,Else employee success scientist clear oil scientist.,Critical,50.15,78.9,Employee Satisfaction,False
9c5bc073-c1f7-4f3f-9fcc-9d45050abca2,In Progress,Earl Garcia,Finance,2024-10-19,2025-03-06,This goal involves collaborate efforts across multiple departments.,High,63.18,72.05,Customer Satisfaction,False
552df9e6-ebb3-4de9-b795-635e137db6fa,Open,William Burke,HR,2023-11-13,2024-01-16,Deep term respond sing.,Critical,54.66,73.28,Customer Satisfaction,False
5540c3c8-ed11-45e4-a125-d370a1e73d92,Open,Timothy Le Jr.,Sales,2024-08-01,2024-12-14,Big factor memory into.,Medium,93.07,72.01,Revenue Growth,True
443a7aac-f13f-47fc-9ed5-c653e5bfba87,Closed,Sarah Booker,HR,2024-07-27,2024-11-23,This goal involves integration efforts across multiple departments.,High,67.6,74.96,Employee Satisfaction,False
77f26419-71f7-4b40-89ba-89651b982e47,In Progress,Richard Mitchell,Finance,2024-01-25,2024-05-11,Medical education art leader full worry.,Medium,50.87,75.91,Customer Satisfaction,False
e4741a8e-e07d-4009-99e6-1a43a51e38d9,Open,Ashley Rasmussen,HR,2024-06-15,2024-10-21,Buy people realize heart world goal until guy.,High,78.04,77.77,Cost Reduction,True
2afe161e-640f-4c9f-ab7a-f36a7c89e97c,In Progress,Becky Koch,Operations,2024-05-04,2024-07-06,Speak million movie window central be really.,Low,96.12,83.66,Employee Satisfaction,True
37b18785-13f9-47f0-8005-6b11d066a8e0,Open,Kristy Harrington,Finance,2024-08-13,2025-02-09,This goal involves collaborate efforts across multiple departments.,Critical,62.28,67.96,Cost Reduction,False
43923ea1-9568-413b-afa9-872758d468b8,In Progress,Miguel Carr,HR,2024-04-04,2024-08-14,South gun body season town young.,Medium,64.7,61.67,Cost Reduction,True
ee6eadef-faf0-42d1-bf6f-9fb78dcb80de,Open,Sarah Greene,Sales,2024-01-21,2024-07-06,Within so many himself start Mr floor.,High,51.56,83.62,Efficiency,False
b62b7605-d9da-4ae6-908e-85dc00188cc8,Closed,Jade Little,HR,2024-03-11,2024-06-10,Political nation candidate find bit environment.,High,73.77,72.25,Cost Reduction,True
d4d4dfc4-326f-42fc-ad1d-bb9949a86dc1,Closed,Brett Foster,Sales,2024-10-29,2024-12-28,Week everything create American scientist determine Republican.,Medium,90.01,79.06,Cost Reduction,True
1601669f-dd2f-4d64-b79d-55bd48d34672,Closed,Alexis Brock,Operations,2024-02-24,2024-05-06,Great list education standard whatever decide.,Critical,71.39,87.73,Efficiency,False
92e62d2f-c5f7-4b68-8f46-23e690c76651,Open,Rodney Holden,Operations,2023-11-14,2024-04-01,This goal involves partnership efforts across multiple departments.,Medium,65.45,79.92,Efficiency,False
bb4c2f53-dfde-456e-8d80-04b81e85a6e1,Closed,Marie Good,Sales,2024-05-27,2024-09-28,This goal involves partnership efforts across multiple departments.,High,64.13,72.31,Customer Satisfaction,False
10f38e01-bb75-4c5a-a7c5-ddb948a3d96b,Open,Robin Potter,Sales,2024-07-03,2024-08-13,Maintain buy she control compare week throw.,High,89.59,89.21,Employee Satisfaction,True
3957330e-cf62-4809-84ef-afac977a83a8,Closed,Teresa Vang,HR,2024-07-14,2024-10-09,Huge project contain institution picture culture article debate.,High,65.16,86.52,Efficiency,False
93b86224-f9ff-4635-976f-71028fb57b11,Open,Gerald Sanchez,IT,2024-10-24,2024-12-06,Quickly instead spend tree daughter research magazine.,High,97.3,78.02,Customer Satisfaction,True
08dc66b1-3934-4de8-876b-632dfc6b78d1,In Progress,Jeanette Wang,Operations,2024-02-06,2024-05-29,This goal involves joint efforts across multiple departments.,Medium,99.88,75.69,Cost Reduction,True
4f872a8e-9c54-4a7e-88cd-a4ba5beeac4e,In Progress,Jason Dixon,IT,2024-02-25,2024-07-30,Rest foreign say over bar.,Medium,62.13,73.01,Customer Satisfaction,False
01f59617-56b4-4344-8af6-a88808a2bbef,Open,Joshua Mccarthy,Sales,2024-07-26,2025-01-10,Other blood green order late man near.,Medium,94.38,76.7,Efficiency,True
eace8886-fa03-42b3-8d0c-1afdf0f90eef,In Progress,Holly Williams,Operations,2024-09-19,2024-11-14,This goal involves cross-departmental efforts across multiple departments.,Medium,60.59,89.45,Customer Satisfaction,False
e81a7f83-546c-42a1-b8c3-25a81542b6c0,Open,Jessica Turner,Sales,2024-01-27,2024-07-08,Reality government off decade forget most either.,Medium,51.12,71.7,Employee Satisfaction,False
6d86e0d7-7c92-4ca9-b79e-dbc56458e632,Open,Tracey Davis MD,HR,2024-10-09,2024-11-27,Stand control next data fish morning result paper.,Medium,53.85,74.74,Revenue Growth,False
cf0bb26f-08c9-42e1-9455-b16e2a0e4c86,In Progress,Christopher Frost,HR,2024-08-13,2024-12-04,This goal involves joint efforts across multiple departments.,High,92.52,85.4,Efficiency,True
545ebf8d-9247-415b-968b-cf56df686ca6,In Progress,Ashley Alexander,HR,2024-08-28,2024-12-16,Politics establish site it.,Critical,58.82,79.04,Employee Satisfaction,False
8856422c-dc2c-409e-8d5f-a6c5ba23e3e0,Open,Steven Robertson,Finance,2023-11-05,2024-01-14,Field upon involve perform more boy.,Low,91.07,86.72,Efficiency,True
0e4d2bfb-7908-448a-abae-2174088a1579,Open,Bryan Serrano,Sales,2024-10-16,2025-02-14,Affect director information entire deal.,Medium,90.13,89.81,Employee Satisfaction,True
0d964249-a9cd-44f2-b94b-f4e21fc332d5,In Progress,Kathleen Peters,HR,2024-06-13,2024-12-02,Threat system physical.,High,50.15,72.8,Revenue Growth,False
988fa37b-2f6d-4e4e-b6d2-d9607bf8ecf4,Open,Kari Hughes,Sales,2023-12-09,2024-02-27,Somebody drop full way man part debate.,High,55.6,81.65,Employee Satisfaction,False
62c4bdaa-bfc1-4ea3-9e3f-4ed57f294602,Open,Diana Mata,Finance,2024-06-04,2024-07-20,Message election treatment reveal behind you.,Low,97.97,88.1,Customer Satisfaction,True
791e9574-6962-454d-ab78-e3be2c16a302,In Progress,Aaron Mitchell,Finance,2024-07-11,2024-08-20,Include article industry security.,Critical,62.15,84.49,Employee Satisfaction,False
43ebdda5-18f4-46a0-b514-9f1fc2454be6,In Progress,Robert Carter,HR,2024-05-17,2024-07-30,This goal involves integration efforts across multiple departments.,High,66.05,72.97,Efficiency,False
0990af94-2fc8-4687-bf15-f73560570286,Closed,Nathan Woodard,Operations,2023-12-11,2024-05-16,Beyond ever box image peace choice.,Low,87.03,77.66,Employee Satisfaction,True
9d16cef1-14d1-4ccd-b2c6-a9778680a3e7,Closed,Daisy Hernandez,IT,2024-05-16,2024-08-17,Accept information power himself should contain why.,Medium,59.36,77.18,Revenue Growth,False
ce27a2ca-6e7d-4b42-aa88-656994066ad7,In Progress,Taylor Nguyen,Operations,2023-11-28,2024-05-20,This goal involves collaborate efforts across multiple departments.,High,71.77,74.38,Revenue Growth,False
f4252e23-4879-4f3f-9d7c-f3b38b98c59a,Open,Erica Parsons,HR,2024-04-10,2024-09-22,Go character wind recognize.,Medium,57.88,72.0,Efficiency,False
42d6cb95-1848-4834-abbd-f11e9ec1a670,In Progress,Joshua Wade,IT,2024-07-09,2024-08-22,Sign example two beautiful.,Medium,99.9,88.7,Customer Satisfaction,True
008e907b-1d43-4129-bf21-89091f5c3eba,Open,Rebecca Walker,Sales,2024-06-16,2024-09-14,Another though current their.,High,65.36,81.83,Revenue Growth,False
19eabb59-1232-4426-970f-6ecd51acdaac,In Progress,Michael Hall,IT,2024-04-30,2024-10-21,This goal involves cross-departmental efforts across multiple departments.,Medium,55.79,73.51,Customer Satisfaction,False
3a8d5597-118f-4e10-b931-bd6ea7990a54,Closed,Tony Blair,Sales,2024-07-24,2024-08-28,Able return sure.,High,58.9,86.13,Revenue Growth,False
f5ef9277-91ab-4e70-8685-c9ff517205fb,Open,Stefanie Brown,Operations,2024-02-14,2024-03-30,Husband may bag environment.,Critical,82.1,62.22,Cost Reduction,True
a0396905-8cdf-4c4f-aea6-fa4d0daaca36,In Progress,Ryan Diaz,Finance,2024-09-06,2025-01-09,Late relationship senior class still.,Medium,97.19,89.52,Employee Satisfaction,True
997721a4-efb9-4fe9-861e-dce6ced9cb3f,In Progress,Rebecca Matthews,HR,2024-05-22,2024-09-10,Central thousand police.,Medium,57.95,82.27,Customer Satisfaction,False
c60f4c99-139f-46df-9f76-252792f19400,Closed,Rebecca Hardin PhD,IT,2024-01-12,2024-03-26,Sometimes order prove focus pay possible.,High,99.21,84.58,Employee Satisfaction,True
f2522dd1-7217-433d-ac0b-b6fe66140d75,Closed,Cynthia Petersen,HR,2023-11-17,2024-05-10,Around protect activity clear option.,Critical,61.02,72.23,Cost Reduction,False
3bb878ae-06c0-4244-ae54-70741bb7d27a,Open,Mandy Bell,HR,2024-09-08,2024-11-13,This goal involves integration efforts across multiple departments.,Medium,97.34,87.71,Efficiency,True
c33160b6-7c17-4979-9c59-da0be83ba667,Closed,Gregory Bryant,Operations,2024-09-25,2025-02-16,This goal involves collaborate efforts across multiple departments.,High,70.18,75.74,Cost Reduction,False
7cef29a8-bec7-4fa3-8b1b-c59132836de5,In Progress,Johnny Nielsen,HR,2024-08-08,2024-10-19,Win environmental meet hold approach.,High,55.77,72.03,Employee Satisfaction,False
12d846bf-add6-4cd3-a89d-a62ae751844b,Closed,Mandy Harper,Sales,2024-01-22,2024-04-02,Rest moment author great increase real.,Critical,65.58,76.37,Employee Satisfaction,False
852d5e32-98bc-4ddb-b93c-7c39a6b7cae6,Open,Todd Reynolds,Operations,2024-07-30,2024-10-11,This goal involves collaborate efforts across multiple departments.,Critical,85.06,89.71,Employee Satisfaction,False
88a5cc1b-c637-4e81-a0f1-7ca3fe2801a6,In Progress,Aaron Vaughn,Sales,2023-11-17,2024-04-06,Along system should.,Critical,60.08,78.19,Customer Satisfaction,False
4968e4a3-7066-409e-8ea5-988aeaee12a6,Closed,Benjamin Brock,IT,2024-08-11,2024-11-16,This goal involves cross-departmental efforts across multiple departments.,High,60.92,86.8,Efficiency,False
5953d94e-81aa-437a-8797-b482409d8674,In Progress,Daniel Collins,Finance,2024-04-19,2024-08-02,This goal involves joint efforts across multiple departments.,High,87.03,75.84,Revenue Growth,True
01dc555a-9604-48e0-9acd-536c889977fa,In Progress,Monica Gillespie,HR,2024-04-08,2024-09-05,This goal involves partnership efforts across multiple departments.,Low,91.97,77.42,Employee Satisfaction,True
b0267ae0-6cbb-4a10-a58c-d3d16ef3badb,Open,Donna Thompson,Operations,2024-07-20,2024-12-09,Go three end close population science.,High,59.07,73.02,Employee Satisfaction,False
9b8ff112-8353-489b-866e-0e4aa76697b9,Open,Edward Floyd,Finance,2024-06-12,2024-10-08,Management contain study success college after.,High,82.36,71.22,Revenue Growth,True
ca022563-dec7-4865-9288-b49e56599e71,Closed,Dr. William Thomas Jr.,HR,2024-01-31,2024-07-16,This goal involves integration efforts across multiple departments.,Medium,100.0,88.06,Employee Satisfaction,True
80f36223-5819-4c77-9123-fccc6ea7dea4,Closed,Jonathan Martinez,IT,2024-04-11,2024-06-17,Direction Mrs world sing fact general really.,Low,51.77,63.34,Cost Reduction,False
3443a655-fc92-42c6-8c94-db3304c73df8,Open,Cindy Berry,Sales,2023-11-14,2023-12-24,Daughter determine pick bank nearly.,Critical,53.91,86.45,Employee Satisfaction,False
4c1bfefb-96f2-4426-a471-e5d6b7df1d67,Closed,Mr. David Snyder,Operations,2024-08-30,2024-12-19,Condition anyone theory form.,Critical,61.5,77.13,Cost Reduction,False
a42b7844-98d5-49c6-8ff4-6f227cd35c05,Open,Matthew Lowe,IT,2024-09-26,2025-03-25,This goal involves joint efforts across multiple departments.,Medium,100.0,81.76,Revenue Growth,True
fac04b42-5ac0-4e95-bf4d-40b21b0dd5f3,Open,Mark Ware,IT,2024-08-24,2024-10-18,Off today rule nearly need bar.,Low,60.01,75.28,Efficiency,False
2412379d-b13e-442e-9902-8fbef39644a5,Closed,Martin Ball,IT,2024-03-26,2024-08-24,Need left among onto assume ability war.,Critical,57.48,73.62,Cost Reduction,False
4e485afb-c874-4f4b-867e-bae16234fb5c,In Progress,Aaron Ellis MD,Operations,2023-12-25,2024-03-24,About learn there program black.,Medium,54.42,60.4,Cost Reduction,False
c114e886-67a9-496a-bc41-3b60f6f3a759,In Progress,Melissa Thompson,Operations,2024-03-05,2024-06-14,Line energy offer develop.,Low,54.37,74.56,Employee Satisfaction,False
492ed5b3-73a7-446e-8f7b-8e1269b4a48d,Closed,Nicholas Horne,HR,2024-04-08,2024-07-29,Only suddenly out run animal left.,Medium,98.17,78.83,Efficiency,True
8e845406-521b-437d-a76b-7185c4c6d185,In Progress,Beth Wilkinson,HR,2024-04-23,2024-10-02,Foreign item so nothing.,Low,88.27,76.22,Efficiency,True
62e70f1a-3ac7-4d24-a2e2-7cd5fad75d61,Open,Claudia Martinez,IT,2023-12-14,2024-06-06,Page improve partner dinner collection against section for.,Critical,50.2,61.15,Cost Reduction,False
8273d36b-3ff6-4ddb-b71a-3d5eb4794067,Open,Jaime Coleman,Operations,2023-11-22,2024-02-10,Language peace room and.,High,69.39,88.46,Efficiency,False
282773e0-1eb2-44cd-bf8a-6a5d311487a0,Open,Mr. Eric Stevenson,Operations,2023-10-31,2024-04-03,Job answer discover hair available ago chance analysis.,High,57.24,81.03,Revenue Growth,False
0e939d2a-1ed2-4b1d-8508-cdb997557567,In Progress,Mark Foster,Finance,2024-07-02,2024-10-12,This goal involves partnership efforts across multiple departments.,High,58.18,64.29,Cost Reduction,False
d31128ba-565c-4a31-905c-ad9d2bf80a7d,Open,Pamela Finley,Operations,2024-01-22,2024-06-04,Card its ability call miss behind thing.,Critical,59.28,70.18,Revenue Growth,False
0f23de62-7ce8-4996-bc9a-9d3a4ed9562b,Closed,Janice Hayes,Sales,2024-08-07,2024-09-08,Six voice both stock.,High,68.86,89.34,Customer Satisfaction,False
6b7713e0-c0b8-4a7c-8ffb-51273513e511,In Progress,Allison Jones,HR,2024-01-02,2024-04-30,Democrat pressure dinner how.,High,60.52,86.49,Employee Satisfaction,False
2139a855-1eea-48f8-a85d-dfeabc576262,Open,Kristen Lewis,Finance,2023-12-21,2024-05-29,Discover agreement energy.,Medium,91.55,83.69,Efficiency,True
4cc3c71e-f739-40f2-afed-51a8ae723d33,In Progress,Devon Higgins,Operations,2024-02-29,2024-06-21,Despite by identify position.,High,52.4,75.98,Efficiency,False
596d23a9-3570-4d31-87b5-8443a94531be,Open,Benjamin Salazar,Finance,2024-02-20,2024-07-02,Doctor best ten exist trial body.,Medium,57.77,89.95,Efficiency,False
3e07acc1-29ee-44d6-86c7-7ba51812d9a0,In Progress,Jose Robinson,HR,2024-04-09,2024-08-16,Throughout approach he.,Medium,58.46,66.86,Cost Reduction,False
988abfa7-1e85-4445-930b-5f62b72cd02e,Closed,Kyle Estrada,IT,2024-03-30,2024-08-28,Whatever medical make water when take.,Medium,54.99,87.53,Efficiency,False
6e046d5e-f600-416d-9115-2c3b38f4f5ff,Open,Thomas Garcia,HR,2024-08-17,2024-10-18,Machine father read tax life.,Medium,76.03,88.94,Efficiency,False
509d0192-ae0d-491d-9cb1-29cf9191eb80,Closed,Kenneth Mendoza,Finance,2023-12-25,2024-03-20,Bank talk office maybe enter economy.,High,60.31,87.74,Efficiency,False
4079e554-2b33-4494-be0d-d96515128e31,Closed,Kevin Knapp,Operations,2024-05-06,2024-10-01,Join attack condition sense large follow discussion.,High,51.7,78.89,Cost Reduction,False
bab0e20a-16c3-4100-b4f5-1ed8b5efbcd9,Open,Christine Sanchez,IT,2023-12-06,2024-02-04,Yourself least century result.,Medium,62.92,73.02,Employee Satisfaction,False
22d9cf43-48ad-4d9b-a8b6-0379674db4af,In Progress,Ryan Lee,HR,2024-05-07,2024-10-29,Parent wonder piece east.,Critical,53.86,71.62,Employee Satisfaction,False
d5378e67-9023-4f63-aad0-dcb439e1cc09,Open,Haley Ward,Operations,2023-12-06,2024-01-19,This goal involves joint efforts across multiple departments.,High,65.31,63.17,Cost Reduction,True
8b904b34-519e-45b0-979b-ce9fe61cf09f,Open,Michael Hanson,IT,2023-12-14,2024-05-03,Safe cost receive issue later sign final.,High,52.14,70.75,Employee Satisfaction,False
38da2e9a-1b0c-451e-b85e-738a288961e9,In Progress,Charlene Whitehead,Finance,2024-01-29,2024-05-20,Eye play network both wonder security chair.,Critical,60.39,74.98,Revenue Growth,False
f0e2019f-ab80-4b1e-9ad3-e75b34b0cd31,In Progress,James Carlson,Operations,2023-12-28,2024-02-29,Collection enjoy customer fact cultural writer.,High,83.49,76.48,Cost Reduction,True
4407bb2b-8468-4f26-9441-7585d227b25a,In Progress,Joann Smith,HR,2024-05-27,2024-11-06,Public water garden section hand great better.,Medium,62.63,72.68,Revenue Growth,False
fbc72b19-8d5f-4cf7-be44-b10e1d10b974,In Progress,Jennifer Walton,Operations,2024-10-11,2024-12-28,Instead real no end law.,Low,93.06,74.57,Customer Satisfaction,True
233cfbbb-d58e-4b1d-865f-9eac0523f0cd,Open,Emma Stewart,Sales,2024-08-29,2024-10-03,This goal involves collaborate efforts across multiple departments.,Medium,100.0,82.81,Revenue Growth,True
4350d147-a716-49ad-990c-f13de5bc4c27,Closed,Daniel Ross,Finance,2024-08-07,2024-10-03,This goal involves cross-departmental efforts across multiple departments.,Critical,63.33,70.95,Cost Reduction,False
357f3f56-27ee-4e3e-8252-86def71dc4ef,Closed,Hailey Humphrey,Finance,2024-08-14,2024-11-29,Travel question cut however drive magazine.,Medium,84.57,82.11,Employee Satisfaction,True
b5e702f3-a6eb-4d60-a092-a100058b776e,Open,Kimberly Lynn,IT,2024-08-12,2024-10-11,This goal involves joint efforts across multiple departments.,Critical,81.12,85.56,Efficiency,False
ef7b50b5-6061-4434-833f-a8089f5a9fce,In Progress,Sarah Lawson,HR,2024-01-16,2024-04-30,Company turn perhaps church every.,Critical,59.48,88.66,Customer Satisfaction,False
d8617ed4-2e51-445f-b2b8-13adfb88b80b,Open,Sandra Evans,Finance,2024-03-07,2024-04-28,Particular practice effort college standard suffer everybody.,Low,81.35,61.8,Cost Reduction,True
0c655aba-7df9-4a1b-8d35-7eb2a945cacf,Closed,Thomas Sanchez,Finance,2024-03-20,2024-06-23,Pretty I camera power certain night hour stage.,High,58.95,71.0,Customer Satisfaction,False
3d2970b5-4185-4f3d-b8da-0a6feaaa72f1,Open,Shelia Bowers,Operations,2024-02-22,2024-06-23,This goal involves collaborate efforts across multiple departments.,High,97.04,72.77,Efficiency,True
8322eea7-de75-4491-83fb-e09bb2988733,In Progress,Rhonda Adams DDS,IT,2024-09-18,2024-12-25,Environment could low school run.,High,82.61,68.01,Cost Reduction,True
af468f4f-783d-470e-9e1e-c24afba1317e,In Progress,Joshua Ferguson,HR,2024-09-07,2025-01-22,Record small center worker be.,Critical,90.63,88.85,Customer Satisfaction,True
f343ff61-c236-4927-b4dd-c39c03c295fe,In Progress,Kenneth Anderson,IT,2024-08-19,2025-01-19,This goal involves cross-departmental efforts across multiple departments.,Medium,78.57,82.23,Revenue Growth,False
59ebd56c-e74a-4bcd-9d9e-850043f406c0,Closed,Abigail Sanchez,Sales,2024-09-01,2025-02-01,Author year fight often before both cup.,Critical,83.02,75.23,Employee Satisfaction,True
dd732eb9-da73-434e-8a56-106eb52c45ef,Closed,Edwin Taylor,IT,2024-08-30,2025-02-23,Account public design skin.,High,64.03,80.38,Revenue Growth,False
300aa56f-989a-42c0-9198-14cfbf2f9a51,Closed,Natasha Sutton,Finance,2024-07-28,2024-12-15,Image machine senior south describe.,High,60.72,72.97,Customer Satisfaction,False
39ae7187-853a-49a9-8e7f-ed3b1706ef56,Closed,Ryan Miller,Finance,2024-03-01,2024-04-02,Professor truth source if government claim identify thousand.,Medium,93.37,73.31,Customer Satisfaction,True
ffaf4549-9e4e-4a5f-926c-c9dcdf917143,In Progress,Crystal Barton,Sales,2024-02-05,2024-05-29,This goal involves cross-departmental efforts across multiple departments.,Critical,65.75,74.7,Efficiency,False
b95e7897-42d1-47fd-844d-ab5777529f88,In Progress,Ashley Henderson,Finance,2024-08-09,2025-01-13,Involve real leader success treatment term since myself.,High,54.18,70.36,Employee Satisfaction,False
1f3a923b-97ca-4b84-941c-751021b53492,Open,Casey Sims,IT,2024-02-26,2024-08-14,Ball article become since.,Low,65.8,72.75,Cost Reduction,False
fd5ebc3e-6d8c-4efb-a42b-122fa3819059,Closed,Scott Miller,Sales,2024-07-09,2024-12-02,This goal involves joint efforts across multiple departments.,High,70.77,76.64,Efficiency,False
f336f15f-eff5-48e4-9fc9-633522a3becd,Closed,Brittany Johnson,Operations,2024-10-07,2025-03-01,Owner family enough who prepare ground either.,Critical,87.95,67.1,Cost Reduction,True
d0f1612c-495d-4561-9f53-47ed36ddb646,In Progress,Jack Gregory,IT,2024-03-31,2024-09-10,This goal involves joint efforts across multiple departments.,Medium,100.0,86.44,Efficiency,True
e6a447fc-bcfa-4531-b904-2c3a0205e862,In Progress,Laura Harding,IT,2023-11-11,2024-01-30,Political third find use see must entire.,Critical,55.05,86.49,Customer Satisfaction,False
b61da2a9-7cb5-442d-b2be-d52345a3dd96,In Progress,Alex Kline,Finance,2024-04-23,2024-09-06,Go professor smile difficult born protect.,Low,86.51,75.44,Cost Reduction,True
f3aac763-de01-4514-8807-52c7c1bcebe8,Closed,Tara Smith,IT,2024-04-05,2024-09-11,This goal involves collaborate efforts across multiple departments.,Low,100.0,78.66,Customer Satisfaction,True
15c5661c-b384-463d-ad6b-4713a10a6600,Open,Shawn Mendoza,IT,2024-10-19,2025-01-01,Election decision cause offer strong institution push.,Critical,64.49,76.44,Customer Satisfaction,False
56bbeeba-1d92-4323-9121-50500a5bbda9,In Progress,Melissa Gomez,IT,2023-12-27,2024-03-29,So key wind building according white.,High,53.61,86.1,Efficiency,False
63c6182e-a36f-4a1c-b25b-cc890e2427e1,Closed,Jasmine Hernandez,IT,2023-12-01,2024-03-16,Meet land owner trade.,Low,54.55,82.65,Revenue Growth,False
048be2ed-cb13-4517-a7ea-8a2fa972d5eb,Closed,Yvette Oconnor,Operations,2024-01-28,2024-05-25,During space own religious little mean investment.,Low,63.94,80.08,Customer Satisfaction,False
ee7c0bfd-8c68-4227-9320-de9c5d443401,In Progress,Alexander Myers,Finance,2024-03-03,2024-07-01,Break skill response run believe lose blue.,High,63.72,78.35,Revenue Growth,False
31049107-163b-4e7c-863e-0ddbf3973c8f,Closed,Lisa Morris,Operations,2024-06-03,2024-10-19,This goal involves joint efforts across multiple departments.,Medium,80.44,61.13,Cost Reduction,True
54eb8059-ff8b-4822-a3db-10a3e4b8fb1a,In Progress,Lacey Miller,Operations,2024-03-25,2024-05-31,This goal involves partnership efforts across multiple departments.,Medium,88.05,76.28,Cost Reduction,True
89c438b3-8aca-433c-a11f-ae1fc2b886f2,Closed,Brandon Davidson,IT,2024-02-15,2024-05-12,Call word matter your senior.,High,66.58,83.92,Revenue Growth,False
6b343be0-bf0b-41e0-9339-e7a76fef1fff,Open,Samuel Robinson,HR,2024-08-26,2025-01-02,Maintain heavy wife admit.,Low,81.29,81.04,Employee Satisfaction,True
f6e1a901-ed22-4bd9-9d89-20fc8e4ec42f,In Progress,Stephen Weber,Sales,2024-07-11,2024-12-01,Bring church another leg represent place more pattern.,Low,63.72,85.1,Customer Satisfaction,False
544843ea-d92d-40d8-a083-a939ab5aa925,Closed,James Grant,Sales,2024-06-15,2024-09-02,Agent method market decide our.,High,97.15,89.25,Efficiency,True
a199d6d3-9be0-4401-8d14-f24edf5233de,Open,Deborah Johnson,HR,2024-05-18,2024-06-27,This goal involves joint efforts across multiple departments.,High,63.54,75.1,Employee Satisfaction,False
d37de557-a7d5-4e0a-8e55-b92eca22efbb,Open,Elizabeth Neal,Finance,2024-09-27,2024-12-05,Relationship man standard force resource.,Medium,58.09,86.86,Efficiency,False
cef9f15d-125c-41c8-bd1d-14902b3e9186,Closed,Kimberly Mathews,IT,2024-03-12,2024-07-11,They police base apply add both say.,Medium,66.15,63.68,Cost Reduction,True
e35e872a-2f1c-40ca-9a7e-066e6e19ed6b,Closed,Megan Warren,Sales,2024-07-10,2024-11-23,This goal involves joint efforts across multiple departments.,Medium,64.17,83.27,Revenue Growth,False
3a56913c-6730-4158-a4b0-f552e95d05be,Closed,James Stanley,IT,2024-07-15,2024-12-13,Explain admit town reason head but.,Low,90.79,83.38,Revenue Growth,True
7732e074-ff19-4b07-873e-f25401f8f5a3,Closed,Frank Carson,IT,2024-08-01,2024-11-01,Hot throw themselves generation black everyone gas.,Medium,59.22,78.9,Cost Reduction,False
17323443-8b02-477c-944e-d5bf31644123,Closed,Logan Lopez,Operations,2024-10-25,2024-11-30,Miss board blood whatever industry.,Low,50.83,78.91,Revenue Growth,False
6c11eb4c-d3d2-4549-b483-85a4dbebfc76,Closed,Allison Moore,Sales,2024-05-26,2024-09-15,This goal involves partnership efforts across multiple departments.,Critical,62.9,82.54,Revenue Growth,False
a171b197-754e-4f9a-a447-901f70e85613,Open,Scott Lane,HR,2023-11-06,2024-01-01,By your nothing win.,Medium,66.49,85.5,Customer Satisfaction,False
33fe9064-d946-45a6-ac2f-161a712f71b3,Open,Johnny Robinson,Sales,2023-11-20,2023-12-26,This goal involves collaborate efforts across multiple departments.,Medium,100.0,85.88,Employee Satisfaction,True
85e578a4-a358-44ae-a6f8-062cf0fb9c92,Open,Michael Dixon,Operations,2024-05-04,2024-09-15,Attorney someone television guy like security social tend.,High,52.1,77.79,Employee Satisfaction,False
0a5d40d5-65bb-4ee8-9926-457598eae4de,Open,Mark Johnson,IT,2024-06-23,2024-08-08,Stand quite cold bill assume cost court could.,Critical,55.81,80.06,Revenue Growth,False
b56ec35a-89a9-426e-a00a-39dfcd784804,Closed,Katherine Charles,Operations,2024-03-15,2024-05-06,Hard great responsibility.,Medium,91.17,83.21,Efficiency,True
2b1beb3d-c308-4254-bbd1-d70722bf9e26,Closed,Brandon Salinas,Sales,2023-12-28,2024-03-01,Purpose center doctor upon.,Medium,87.84,82.68,Employee Satisfaction,True
2ab5f6a2-5aef-4d1b-901a-435ddbd23aa4,Closed,Pedro Roth,Operations,2024-10-06,2024-11-07,This goal involves collaborate efforts across multiple departments.,Low,100.0,81.93,Revenue Growth,True
27d00894-0863-4356-979d-b0093560d4f1,In Progress,Shari Newman,Sales,2024-09-02,2024-12-29,General film lead sense charge maintain conference.,High,52.92,73.22,Customer Satisfaction,False
ddc3a33f-8fbd-43f8-8cb6-850f705cc722,In Progress,Derrick Baker,Sales,2024-01-31,2024-03-30,Far end water leg leave understand.,Medium,99.85,85.02,Customer Satisfaction,True
e24c4953-dc4e-4d20-ae67-dcc7983fc0ee,Closed,Shelly Wilson,HR,2024-06-02,2024-11-19,This goal involves collaborate efforts across multiple departments.,High,100.0,71.61,Cost Reduction,True
3b236eeb-6bba-43ab-b226-7f86c0b83f1c,Closed,Tammy Schmitt,Sales,2024-08-17,2024-10-11,Eight deep figure hour.,Medium,91.95,79.01,Efficiency,True
7c685002-66b1-413d-81da-fc6e8216237c,In Progress,Edward Colon,IT,2023-11-29,2024-02-06,Radio likely rise key material task itself.,Medium,54.19,73.37,Revenue Growth,False
82f31304-f316-4809-884d-bcea0b7178ed,Open,Joshua Bates,HR,2024-05-24,2024-09-01,Camera window specific through build next power.,Critical,56.91,79.26,Efficiency,False
59b2753f-098c-494c-90e0-357e689a10da,In Progress,Victoria Henderson,HR,2023-11-22,2024-05-11,Actually understand executive near great serious they.,Critical,53.1,77.17,Cost Reduction,False
a807f443-e2bd-405f-84a2-f890a920b6f2,Closed,Jerry Garcia,Sales,2024-01-29,2024-05-05,Throughout right show arm box able upon.,Medium,64.33,72.63,Cost Reduction,False
9920e25c-ebd1-4538-8972-fef2813a98d1,Closed,Antonio Howard,HR,2024-05-21,2024-08-13,Between effect interest.,Medium,61.2,69.44,Cost Reduction,False
82b6bc80-55a4-4f4c-a47e-79953fd91536,In Progress,Amanda Casey,HR,2023-12-07,2024-03-03,This goal involves cross-departmental efforts across multiple departments.,Medium,59.35,71.81,Revenue Growth,False
36830c84-5650-45b8-ba8e-59190df2ffde,Open,Tammy Reed,IT,2023-11-18,2024-01-29,This goal involves partnership efforts across multiple departments.,Critical,81.12,83.19,Revenue Growth,False
170ca62b-11fb-4a32-ae1a-a4e69f635e73,In Progress,Michael Castro,Operations,2024-08-04,2024-09-13,This goal involves integration efforts across multiple departments.,Medium,86.42,70.86,Customer Satisfaction,True
a966127c-f906-4d4a-a0e1-3923441dff2b,In Progress,Adam Mitchell,HR,2024-09-07,2025-02-04,This goal involves integration efforts across multiple departments.,Low,100.0,89.37,Employee Satisfaction,True
1c8496cc-db5c-46a4-b4e2-546eab39ee2c,Closed,David Cain,Operations,2024-06-06,2024-12-01,Baby painting stage apply yard.,Medium,98.14,81.75,Revenue Growth,True
839c4858-351f-44c4-923d-604eed38e389,Open,Alan Little,IT,2024-02-13,2024-05-17,This goal involves cross-departmental efforts across multiple departments.,Low,100.0,87.35,Employee Satisfaction,True
04cfb18d-f62e-435c-9cfb-768aa34c767c,Closed,Carolyn Smith,Finance,2024-07-27,2025-01-01,This goal involves partnership efforts across multiple departments.,High,59.47,74.23,Customer Satisfaction,False
86c92f1f-a9a8-4144-bcb0-cd62a97f0e44,Closed,Sarah Garcia,Finance,2024-03-03,2024-05-30,Appear candidate investment recently involve.,Low,83.88,79.58,Employee Satisfaction,True
cc68fdaa-acf6-4599-b72a-32be08a9267e,Open,Ana Cooper,HR,2024-02-05,2024-03-11,Range behind property of catch.,Critical,50.89,82.59,Customer Satisfaction,False
70a40b73-27c2-4c96-8201-88f6bf5f1b1a,Closed,Joel Alvarez,Sales,2024-04-07,2024-05-21,This goal involves cross-departmental efforts across multiple departments.,High,58.99,81.27,Customer Satisfaction,False
fcc56a71-d2ad-4cdc-80e9-f406fa799430,Closed,Mary Campos,Operations,2024-02-09,2024-03-31,Let stage understand.,High,61.14,73.41,Customer Satisfaction,False
eb6f5b57-5fc1-4172-866c-18577277d50a,Closed,Edward Church,Sales,2024-10-16,2025-04-13,Walk mouth fish write.,Medium,98.74,83.71,Customer Satisfaction,True
a3a5cf16-ac2c-4b84-b146-2a31813e4f15,Closed,Richard Mitchell,IT,2024-02-28,2024-04-15,This goal involves collaborate efforts across multiple departments.,High,100.0,87.19,Customer Satisfaction,True
fd810341-78fe-41e5-a97c-b5356693a750,Open,Gregory Vincent,IT,2023-12-28,2024-02-20,Hour push most may individual lot field.,High,92.89,85.68,Customer Satisfaction,True
6cb1ee79-b165-4331-9539-249d524ea16f,Open,Sylvia Wright,Finance,2024-05-30,2024-10-30,Level answer participant contain care remember during peace.,Low,96.39,88.75,Customer Satisfaction,True
713a07ad-fb29-47d9-8ae3-1ff0186612f4,In Progress,Joseph Johnston,IT,2024-03-21,2024-08-05,Market improve public four free sign cost.,Low,94.18,88.77,Efficiency,True
9660dcb8-8469-46a6-a692-9227dec518eb,In Progress,Donna Maynard,Operations,2024-10-03,2025-04-01,This goal involves cross-departmental efforts across multiple departments.,Critical,60.36,88.2,Revenue Growth,False
ddf7bd4b-c16f-4bae-9f6d-f8c5b1f73621,Closed,Bradley Edwards,HR,2024-09-24,2024-12-28,Central performance can kind level.,Critical,90.61,80.45,Customer Satisfaction,True
7b759017-8520-4866-b068-9a25955d4a4a,In Progress,Thomas Parker,Sales,2023-11-26,2024-03-15,This goal involves partnership efforts across multiple departments.,High,68.31,87.1,Employee Satisfaction,False
93bd1828-d806-4a3b-ac15-231796caa12e,In Progress,Kimberly Miller,HR,2024-08-05,2024-10-26,Something follow after accept moment magazine rate.,Medium,90.29,81.18,Employee Satisfaction,True
4bf9fb3c-99cc-40fa-924d-b0419d217a6b,In Progress,Christopher Pena,IT,2024-02-14,2024-06-11,Box thus black door lawyer start.,Medium,61.15,84.96,Employee Satisfaction,False
9eb01dc9-0924-493b-8d2e-4d12f646114e,Closed,Tracy Richardson,Sales,2024-04-22,2024-06-16,Accept throughout reveal however indeed still cell environmental.,Medium,65.25,82.28,Customer Satisfaction,False
3a05d708-8d0f-457f-a220-6c87a06a6234,Open,Stephen Taylor,Sales,2024-02-22,2024-06-30,Agree find represent investment.,Low,74.47,72.0,Cost Reduction,True
d977d0bb-1aa0-402d-a264-861794e462e3,In Progress,Michael Lawson,Sales,2024-04-28,2024-08-30,About attorney activity hand thousand.,Medium,58.54,68.01,Cost Reduction,False
ee016c1b-8a6b-4112-b1d4-6f56674ee80c,In Progress,Rachel Perkins,IT,2024-03-15,2024-04-28,Mind well fine late sense.,Medium,96.69,83.14,Customer Satisfaction,True
e6cdb1b4-8c49-47e0-9739-cf223cfaf73d,In Progress,Claudia Evans,Sales,2024-10-08,2024-11-15,Create nearly indeed tax.,Medium,58.45,83.48,Revenue Growth,False
cc916e27-6c88-4521-bb3f-bd019171331c,Closed,Hannah Bright,Finance,2023-12-24,2024-03-03,Church nation court house evening enough within.,Low,86.71,67.9,Cost Reduction,True
2bf0d465-ca24-469b-bdd0-26c4cbca5e27,Closed,Anne Zimmerman,Finance,2023-12-20,2024-02-05,Major performance occur particular.,Medium,81.51,71.66,Cost Reduction,True
2ee91806-d5c8-44b2-87b2-f2a2c5a93ae7,In Progress,Jesus Patterson,Sales,2023-12-26,2024-03-14,Training above right wind hope.,Low,80.47,78.14,Employee Satisfaction,True
d691e760-c856-43b0-b502-70aabee6f7f2,Open,Jerome Williams,IT,2023-12-20,2024-04-03,Media wind water pull and skill identify.,Low,72.38,87.52,Efficiency,False
95f391f0-8d6c-43b7-a2b7-543b34fb9cdb,Closed,Anthony Smith,Operations,2024-08-24,2025-01-14,Management blue foot ball.,Medium,63.41,89.22,Employee Satisfaction,False
90d24d95-ca89-4da2-a61c-de9a8ee29331,In Progress,Dr. Heather Villa,IT,2024-07-26,2024-09-01,This goal involves joint efforts across multiple departments.,Critical,64.39,74.6,Employee Satisfaction,False
801df1dd-0c76-41b7-9135-8f9815d50244,Closed,Aaron Armstrong,IT,2024-09-06,2024-10-08,This goal involves integration efforts across multiple departments.,High,100.0,88.63,Efficiency,True
f995c719-d6b1-43ef-a87a-38b27a8ef93d,Closed,Vincent Daniels,Operations,2024-06-27,2024-09-11,This goal involves joint efforts across multiple departments.,High,59.11,74.14,Customer Satisfaction,False
d8c736bf-9291-4dc8-837b-c575f20fc07f,Closed,Thomas Horne,Operations,2024-04-05,2024-06-13,This goal involves cross-departmental efforts across multiple departments.,Critical,66.2,75.28,Cost Reduction,False
96afeeb7-7758-4e56-afcc-cdad83c9f3af,In Progress,Tyler Yoder,Operations,2024-04-12,2024-07-31,Either wife matter save long short continue.,Low,52.83,75.49,Employee Satisfaction,False
4e83871a-3a15-4603-97a1-4af606742730,Closed,Keith Soto,Operations,2024-08-04,2024-12-13,This goal involves partnership efforts across multiple departments.,Medium,68.09,79.57,Customer Satisfaction,False
7d8dfb6a-0eb4-46c0-aaa2-0ba8f8124fa4,In Progress,Robert Lopez,Sales,2024-05-10,2024-10-04,Hot bill feel see model character.,Medium,68.62,60.24,Cost Reduction,True
03d470a3-5636-4cdb-a8c4-ad8f72ae2825,Closed,Kenneth Glenn,Finance,2024-01-31,2024-05-23,This goal involves partnership efforts across multiple departments.,Medium,100.0,75.39,Efficiency,True
4dde113f-ebb0-484f-a307-d32d68bef2de,Open,Mark Tran,HR,2024-03-07,2024-07-23,Recently worker spring decide include conference else.,High,58.12,78.01,Customer Satisfaction,False
04e92048-8864-4968-8456-e0e73efdcd6e,Closed,Katie Pham,Sales,2024-08-17,2025-02-10,House so back drug matter the.,Low,68.07,81.11,Customer Satisfaction,False
3635752f-6b91-4120-ad43-b2df61b35d46,Open,Logan Holland,Sales,2024-07-13,2024-09-19,This goal involves cross-departmental efforts across multiple departments.,Low,100.0,87.87,Employee Satisfaction,True
03337222-0efe-4ed5-8fde-b62ac7588efb,In Progress,Kristine Wilson,HR,2024-01-07,2024-04-22,Energy like bank live.,Medium,84.78,83.81,Efficiency,True
1605d76c-9330-4665-a694-81c762133452,In Progress,Brandi Murray,HR,2024-02-06,2024-03-31,This goal involves integration efforts across multiple departments.,Medium,62.48,88.64,Employee Satisfaction,False
63bd6113-8954-4b27-ac82-f37948e302b6,Open,Wendy Chambers,Operations,2023-11-09,2024-01-28,Maintain first shoulder southern big.,Medium,90.72,85.61,Revenue Growth,True
078b719b-1c25-4e5c-ad07-e0a8edcc1670,Closed,Sarah Grant,IT,2024-10-01,2025-03-04,Foot she stage fall.,Low,85.15,82.63,Employee Satisfaction,True
1a2d3704-cc02-4691-99db-5456fb3151b3,Open,Charles Harris,Operations,2023-12-03,2024-04-18,Write prevent however senior language today.,Medium,79.35,73.24,Revenue Growth,True
abfc5388-06e3-411b-94a0-9cc85413a4ab,In Progress,Michael James,Operations,2024-09-28,2025-01-04,This goal involves cross-departmental efforts across multiple departments.,Medium,79.13,88.78,Revenue Growth,False
0db5b43b-5e50-4214-9608-597c2ad8bb9f,In Progress,Kevin Perry,HR,2024-01-29,2024-04-10,This goal involves joint efforts across multiple departments.,Low,75.59,88.81,Customer Satisfaction,False
a06b9b15-b96e-47d5-82a0-f7f403eb6895,Open,Steven Martin,HR,2024-03-27,2024-05-22,Goal sea image table.,Critical,52.19,60.53,Cost Reduction,False
8f98ebbe-2c2a-44e0-8537-a617784ef146,Open,Laura Johnson,Finance,2024-01-06,2024-04-12,Enough name perhaps project control model purpose as.,Critical,54.0,76.19,Revenue Growth,False
278930ed-5555-43a6-a8c4-3d41ee964d40,In Progress,Daniel Ramirez,HR,2023-12-30,2024-03-01,This goal involves collaborate efforts across multiple departments.,Medium,66.23,87.21,Customer Satisfaction,False
41cf312b-d84e-4165-8dc2-c294a4564ac1,Closed,Elizabeth Matthews,Operations,2023-11-30,2024-05-18,Consumer woman foreign blue agent pick thank memory.,Critical,59.96,81.82,Employee Satisfaction,False
