sys_id,schedule,manager,phone,user_name,name,location,department,title,email,start_date
02826bf03710200044e0bfc8bcbe5d55,,Justina Dragaj,,jimmie.barninger,Jimmie Barninger,"Carrera 54 No. 49 - 31, Medellin",Customer Support,,jimmie.barninger@example.com,2023-12-17 03:12:00
02826bf03710200044e0bfc8bcbe5d5e,,Lucius Bagnoli,,melinda.carleton,Melinda Carleton,"3 Whitehall Court, London",Customer Support,,melinda.carleton@example.com,2024-03-31 11:31:00
02826bf03710200044e0bfc8bcbe5d64,,Lucius Bagnoli,,jewel.agresta,Jewel Agresta,"3 Whitehall Court, London",Customer Support,,jewel.agresta@example.com,2024-02-19 20:07:00
02826bf03710200044e0bfc8bcbe5d6d,,Logan Muhl,,sean.bonnet,Sean Bonnet,"8306 Mills Drive, Miami,FL",Customer Support,,sean.bonnet@example.com,2023-09-08 11:58:00
02826bf03710200044e0bfc8bcbe5d76,,Bridget Knightly,,jacinto.gawron,Jacinto Gawron,"8306 Mills Drive, Miami,FL",Customer Support,,jacinto.gawron@example.com,2023-10-31 16:37:00
06826bf03710200044e0bfc8bcbe5d41,,Cherie Fuhri,,jess.assad,Jess Assad,"2-10-1 Yurakucho, Chiyoda-ku, Tokyo",Customer Support,,jess.assad@example.com,2023-12-10 07:10:00
06826bf03710200044e0bfc8bcbe5d57,,Geri Forness,,cherie.fuhri,Cherie Fuhri,"Carrera 54 No. 49 - 31, Medellin",Customer Support,,cherie.fuhri@example.com,2023-12-26 13:32:00
06826bf03710200044e0bfc8bcbe5d6f,,,,nelly.jakuboski,Nelly Jakuboski,"8306 Mills Drive, Miami,FL",Customer Support,,nelly.jakuboski@example.com,2023-11-20 09:02:00
06826bf03710200044e0bfc8bcbe5d8a,,,,allyson.gillispie,Allyson Gillispie,"946 Donax Avenue, Imperial Beach,CA",Development,,allyson.gillispie@example.com,2023-06-29 02:47:00
0782abf03710200044e0bfc8bcbe5d44,,,,elmo.gabouer,Elmo Gabouer,"Paradise Road, Richmond, London",Sales,,elmo.gabouer@example.com,2023-12-25 20:39:00
0a826bf03710200044e0bfc8bcbe5d71,,,,mabel.weeden,Mabel Weeden,"815 E Street, San Diego,CA",Customer Support,,mabel.weeden@example.com,2024-02-08 00:59:00
0e826bf03710200044e0bfc8bcbe5d45,,,,ross.spurger,Ross Spurger,"Carrera 54 No. 49 - 31, Medellin",Customer Support,,ross.spurger@example.com,2024-03-28 13:42:00
0e826bf03710200044e0bfc8bcbe5d61,,,,logan.muhl,Logan Muhl,"3 Whitehall Court, London",Customer Support,,logan.muhl@example.com,2023-12-02 03:19:00
0e826bf03710200044e0bfc8bcbe5d6a,,,,valerie.pou,Valerie Pou,"8306 Mills Drive, Miami,FL",Customer Support,,valerie.pou@example.com,2024-02-21 02:37:00
0f82abf03710200044e0bfc8bcbe5d3f,,,,renae.eldrige,Renae Eldrige,"Carretera Cancun-Chetumal KM 22, Cancun",Sales,,renae.eldrige@example.com,2024-02-25 18:27:00
12826bf03710200044e0bfc8bcbe5dc3,,,,kyle.lindauer,Kyle Lindauer,"Bockenheimer Landstraße 223, Frankfurt",IT,,kyle.lindauer@example.com,2023-11-24 21:39:00
16826bf03710200044e0bfc8bcbe5dce,,,,van.leanen,Van Leanen,"2-12-1 Ookayama, Meguro-ku, Tokyo",IT,,van.leanen@example.com,2023-11-27 06:16:00
1a826bf03710200044e0bfc8bcbe5da3,,,,stephen.seiters,Stephen Seiters,"2-12-1 Ookayama, Meguro-ku, Tokyo",HR,,stephen.seiters@example.com,2024-03-22 07:00:00
1a826bf03710200044e0bfc8bcbe5db5,,,,pierre.salera,Pierre Salera,"27, Boulevard Vitton, Paris",IT,,pierre.salera@example.com,2024-04-18 18:37:00
1e826bf03710200044e0bfc8bcbe5d9c,,,,corinne.cowan,Corinne Cowan,"Paradise Road, Richmond, London",Finance,,corinne.cowan@example.com,2023-11-25 06:47:00
1e826bf03710200044e0bfc8bcbe5dc0,,,,maurine.monroy,Maurine Monroy,"Bockenheimer Landstraße 223, Frankfurt",IT,,maurine.monroy@example.com,2024-02-08 15:24:00
22826bf03710200044e0bfc8bcbe5dda,,,,lora.lendor,Lora Lendor,"3 Whitehall Court, London",IT,,lora.lendor@example.com,2024-02-25 20:06:00
26826bf03710200044e0bfc8bcbe5dee,,,,elisa.gracely,Elisa Gracely,"Via Nomentana 56, Rome",Product Management,,elisa.gracely@example.com,2024-04-05 04:40:00
2a826bf03710200044e0bfc8bcbe5dd5,,,,karyn.jinks,Karyn Jinks,"SHS quadra 5, Bloco E., Brasilia",IT,,karyn.jinks@example.com,2024-04-04 05:13:00
2e826bf03710200044e0bfc8bcbe5de0,,,,alyssa.biasotti,Alyssa Biasotti,"3 Whitehall Court, London",IT,,alyssa.biasotti@example.com,2024-03-10 22:29:00
31826bf03710200044e0bfc8bcbe5d1a,,,,peggy.hohlstein,Peggy Hohlstein,"248 Abbotsford Road, Brisbane",Customer Support,,peggy.hohlstein@example.com,2024-04-07 02:58:00
31826bf03710200044e0bfc8bcbe5d2d,,,,cristopher.wiget,Cristopher Wiget,"27, Boulevard Vitton, Paris",Customer Support,,cristopher.wiget@example.com,2023-10-24 00:33:00
31826bf03710200044e0bfc8bcbe5d36,,,,doug.matrisciano,Doug Matrisciano,"Bockenheimer Landstraße 123, Frankfurt",Customer Support,,doug.matrisciano@example.com,2023-12-13 22:05:00
32826bf03710200044e0bfc8bcbe5df5,,,,mamie.mcintee,Mamie Mcintee,"13770 Noel Road, Dallas,TX",Product Management,,mamie.mcintee@example.com,2024-02-04 19:25:00
35826bf03710200044e0bfc8bcbe5d1d,,,,genevieve.kekiwi,Genevieve Kekiwi,"248 Abbotsford Road, Brisbane",Customer Support,,genevieve.kekiwi@example.com,2024-02-07 20:52:00
35826bf03710200044e0bfc8bcbe5d26,,,,viola.mcsorley,Viola Mcsorley,"27, Boulevard Vitton, Paris",Customer Support,,viola.mcsorley@example.com,2024-03-15 20:12:00
35826bf03710200044e0bfc8bcbe5d2f,,,,mitch.schattner,Mitch Schattner,"Bockenheimer Landstraße 123, Frankfurt",Customer Support,,mitch.schattner@example.com,2024-04-06 04:57:00
3682abf03710200044e0bfc8bcbe5d09,,,,florine.willardson,Florine Willardson,"30 Katharinenstr, Hamburg",Sales,,florine.willardson@example.com,2023-11-18 23:01:00
3682abf03710200044e0bfc8bcbe5d17,,,,patty.bernasconi,Patty Bernasconi,"Paradise Road, Richmond, London",Sales,,patty.bernasconi@example.com,2024-04-16 01:59:00
3682abf03710200044e0bfc8bcbe5d20,,,,reginald.humes,Reginald Humes,"25 New Chardon Street, Boston,MA",Sales,,reginald.humes@example.com,2023-10-01 22:54:00
3682abf03710200044e0bfc8bcbe5d29,,,,martin.carley,Martin Carley,"140 George Street, Sydney",Sales,,martin.carley@example.com,2024-01-27 05:18:00
39826bf03710200044e0bfc8bcbe5d3a,,,,emery.reek,Emery Reek,"Via Nomentana 56, Rome",Customer Support,,emery.reek@example.com,2024-02-21 13:52:00
3a82abf03710200044e0bfc8bcbe5d02,,,,carolina.kinlaw,Carolina Kinlaw,"27, Boulevard Vitton, Paris",Sales,,carolina.kinlaw@example.com,2024-03-09 18:26:00
3a82abf03710200044e0bfc8bcbe5d0b,,,,berta.karczewski,Berta Karczewski,"30 Katharinenstr, Hamburg",Sales,,berta.karczewski@example.com,2023-11-17 09:49:00
3a82abf03710200044e0bfc8bcbe5d22,,,,mitchel.harnar,Mitchel Harnar,"1635 Old 41 Highway Northwest #112, Kennesaw,GA",Sales,,mitchel.harnar@example.com,2024-01-09 06:15:00
3d826bf03710200044e0bfc8bcbe5d3c,,,,prince.kauk,Prince Kauk,"2-10-1 Yurakucho, Chiyoda-ku, Tokyo",Customer Support,,prince.kauk@example.com,2024-01-02 03:10:00
3e82abf03710200044e0bfc8bcbe5d04,,,,rebekah.padley,Rebekah Padley,"30 Katharinenstr, Hamburg",Sales,,rebekah.padley@example.com,2024-01-29 21:39:00
3e82abf03710200044e0bfc8bcbe5d1b,,,,bradly.hasselvander,Bradly Hasselvander,"Paradise Road, Richmond, London",Sales,,bradly.hasselvander@example.com,2023-11-22 13:42:00
3e82abf03710200044e0bfc8bcbe5d24,,,,haley.rocheford,Haley Rocheford,"945 South Birch Street, Glendale,CO",Sales,,haley.rocheford@example.com,2023-06-01 18:05:00
3e82abf03710200044e0bfc8bcbe5d36,,,,lee.javens,Lee Javens,"30 Katharinenstr, Hamburg",Sales,,lee.javens@example.com,2024-01-01 11:31:00
42826bf03710200044e0bfc8bcbe5d44,,,,deandre.resendiz,Deandre Resendiz,"2-10-1 Yurakucho, Chiyoda-ku, Tokyo",Customer Support,,deandre.resendiz@example.com,2024-02-02 02:24:00
42826bf03710200044e0bfc8bcbe5d5a,,,,valentine.granberry,Valentine Granberry,"3 Whitehall Court, London",Customer Support,,valentine.granberry@example.com,2024-01-01 21:22:00
46826bf03710200044e0bfc8bcbe5d46,,,,nanette.turansky,Nanette Turansky,"Carrera 54 No. 49 - 31, Medellin",Customer Support,,nanette.turansky@example.com,2024-04-18 02:06:00
46826bf03710200044e0bfc8bcbe5d5c,,,,nathanial.phoenix,Nathanial Phoenix,"3 Whitehall Court, London",Customer Support,,nathanial.phoenix@example.com,2023-10-04 05:55:00
46826bf03710200044e0bfc8bcbe5d74,,,,kathie.argenti,Kathie Argenti,"8306 Mills Drive, Miami,FL",Customer Support,,kathie.argenti@example.com,2024-01-31 07:05:00
46826bf03710200044e0bfc8bcbe5d7d,,,,mandy.mcdonnell,Mandy Mcdonnell,"650 Dennery Road #102, San Diego,CA",Development,,mandy.mcdonnell@example.com,2023-08-23 19:08:00
46826bf03710200044e0bfc8bcbe5d8f,,,,titus.rodreguez,Titus Rodreguez,"Karmelitska 2, Lesser Town, Prague",Finance,,titus.rodreguez@example.com,2023-09-08 02:05:00
46826bf03710200044e0bfc8bcbe5d98,,,,kira.staffon,Kira Staffon,"2-12-1 Ookayama, Meguro-ku, Tokyo",Finance,,kira.staffon@example.com,2024-02-13 21:44:00
46b673a6a9fe19810007ab03cbd5849d,,,,phil.hendrie,Phil Hendrie,"322 West 52nd Street, New York,NY",Sales,Inside Sales,phil.hendrie@example.com,2023-11-21 07:51:00
46bd0579a9fe198101404e3929a841f5,,,,paul.shafer,Paul Shafer,"1454 Northwest 78th Avenue, Doral,FL",Sales,Inside Sales,paul.shafer@example.com,2023-06-18 02:13:00
46c1293aa9fe1981000dc753e75ebeee,,,,carol.coughlin,Carol Coughlin,"322 West 52nd Street, New York,NY",Sales,,carol.coughlin@example.com,2024-02-28 20:36:00
46c32549a9fe198101a84f3c2036e26b,,,,ted.keppel,Ted Keppel,"946 Donax Avenue, Imperial Beach,CA",IT,,ted.keppel@example.com,2023-12-02 02:32:00
46c410a3a9fe1981008bda0804ad3f85,,,,dennis.millar,Dennis Millar,"650 Dennery Road #102, San Diego,CA",Sales,Account Exec Northeast,dennis.millar@example.com,2024-01-15 05:33:00
46c4aeb7a9fe1981002bbd372644a37b,,,,david.dan,David Dan,"621 6th Avenue South, North Myrtle Beach,SC",Sales,,david.dan@example.com,2024-03-22 21:42:00
46c6f9efa9fe198101ddf5eed9adf6e7,,,,bud.richman,Bud Richman,"4492 Camino De La Plaza, San Ysidro,CA",Sales,,bud.richman@example.com,2023-09-10 02:27:00
46c9e158a9fe198101d44d0d22cb640d,,,,chuck.farley,Chuck Farley,"9249 Cicero Avenue, Oak Lawn,IL",Sales,Director Sales West,chuck.farley@example.com,2024-03-05 02:20:00
46ca0887a9fe19810191e08e51927ebf,,,,howard.johnson,Howard Johnson,"601 College Street, Clarksville,TN",Sales,,howard.johnson@example.com,2024-04-01 04:15:00
46cd276ba9fe19810024aa59b51d6ef7,,,,megan.burke,Megan Burke,"3121 High Point Road, Greensboro,NC",Sales,Inside Sales,megan.burke@example.com,2024-03-14 00:18:00
46d14f04a9fe19810142e40c6b071512,,,,wayne.webb,Wayne Webb,"243 South Escondido Boulevard, Escondido,CA",IT,,wayne.webb@example.com,2023-07-25 06:31:00
46d1656aa9fe19810123a47c98f2d82f,,,,olga.yarovenko,Olga Yarovenko,"808 N Route 59, Aurora,IL",Sales,Inside Sales,olga.yarovenko@example.com,2024-03-15 18:58:00
46d413b2a9fe198101a7f9f0f493a9a7,,,,diana.temple,Diana Temple,"Paradise Road, Richmond, London",Sales,Account Exec Fortune 500,diana.temple@example.com,2023-12-23 16:26:00
46d4a69ba9fe1981001af9616bf01185,,,,margaret.gray,Margaret Grey,"5505 Stevens Way, San Diego,CA",Sales,Sales Assistant,margaret.gray@example.com,2023-11-17 06:30:00
46d77b47a9fe1981007c0b3faff3edf8,,,,mary.cruse,Mary Cruse,"Paradise Road, Richmond, London",Sales,Inside Sales,mary.cruse@example.com,2024-02-15 18:57:00
46d85d4aa9fe198101e36eb956587fe7,,,,sam.sorokin,Sam Sorokin,"243 South Escondido Boulevard, Escondido,CA",IT,,sam.sorokin@example.com,2024-03-02 20:56:00
4a826bf03710200044e0bfc8bcbe5d3f,,,,lacy.belmont,Lacy Belmont,"2-10-1 Yurakucho, Chiyoda-ku, Tokyo",Customer Support,,lacy.belmont@example.com,2024-02-23 03:06:00
4a826bf03710200044e0bfc8bcbe5d55,,,,denver.topete,Denver Topete,"Carrera 54 No. 49 - 31, Medellin",Customer Support,,denver.topete@example.com,2024-03-21 09:53:00
4b82abf03710200044e0bfc8bcbe5d42,,,,kurtis.mcbay,Kurtis Mcbay,"Paradise Road, Richmond, London",Sales,,kurtis.mcbay@example.com,2024-01-20 09:39:00
4e826bf03710200044e0bfc8bcbe5d41,,,,jeanie.dalen,Jeanie Dalen,"2-10-1 Yurakucho, Chiyoda-ku, Tokyo",Customer Support,,jeanie.dalen@example.com,2024-02-02 20:29:00
4e826bf03710200044e0bfc8bcbe5d6f,,,,naomi.caetano,Naomi Caetano,"815 E Street, San Diego,CA",Customer Support,,naomi.caetano@example.com,2023-12-17 17:13:00
4e826bf03710200044e0bfc8bcbe5d78,,,,dollie.daquino,Dollie Daquino,"8306 Mills Drive, Miami,FL",Customer Support,,dollie.daquino@example.com,2024-04-14 04:32:00
4e826bf03710200044e0bfc8bcbe5d8a,,,,jimmy.hrobsky,Jimmy Hrobsky,"75-85 York Street, Melbourne",Finance,,jimmy.hrobsky@example.com,2024-03-12 17:18:00
4f82abf03710200044e0bfc8bcbe5d44,,,,efren.baucher,Efren Baucher,"Paradise Road, Richmond, London",Sales,,efren.baucher@example.com,2024-03-23 06:52:00
5137153cc611227c000bbd1bd8cd2005,,,,fred.luddy,Fred Luddy,"650 Dennery Road #102, San Diego,CA",Development,Programmer,fred.luddy@example.com,2023-12-29 04:48:00
5137153cc611227c000bbd1bd8cd2007,,Bud Richman,,david.loo,David Loo,"153 South Sierra Avenue, Solana Beach,CA",Development,,david.loo@example.com,2024-03-23 20:32:00
52826bf03710200044e0bfc8bcbe5db6,,,,pamala.brodtmann,Pamala Brodtmann,"27, Boulevard Vitton, Paris",IT,,pamala.brodtmann@example.com,2024-01-04 11:33:00
5a826bf03710200044e0bfc8bcbe5db1,,,,eli.bettner,Eli Bettner,"Karmelitska 2, Lesser Town, Prague",IT,,eli.bettner@example.com,2024-04-02 10:45:00
5a826bf03710200044e0bfc8bcbe5dc3,,,,judy.gartenmayer,Judy Gartenmayer,"Bockenheimer Landstraße 223, Frankfurt",IT,,judy.gartenmayer@example.com,2023-12-26 00:33:00
5a826bf03710200044e0bfc8bcbe5dcc,,,,byron.fortuna,Byron Fortuna,"Via Nomentana 56, Rome",IT,,byron.fortuna@example.com,2024-04-13 04:00:00
5e826bf03710200044e0bfc8bcbe5da1,,,,terrance.nimmer,Terrance Nimmer,"Bockenheimer Landstraße 123, Frankfurt",HR,,terrance.nimmer@example.com,2023-06-14 23:20:00
5f64f1dac0a8010e0020272962540240,,,,davin.czukowski,Davin Czukowski,"Paradise Road, Richmond, London",Sales,Director Sales East,davin.czukowski@example.com,2023-08-21 02:19:00
5f675796c0a8010e0132f67844388c58,,,,john.retak,John Retak,"650 Dennery Road #102, San Diego,CA",Sales,"VP, Finance and securities",john.retak@example.com,2024-02-28 06:58:00
62826bf03710200044e0bfc8bcbe5dd6,,,,cherie.schronce,Cherie Schronce,"SHS quadra 5, Bloco E., Brasilia",IT,,cherie.schronce@example.com,2024-02-07 03:25:00
62d78687c0a8010e00b3d84178adc913,,,,ron.kettering,Ron Kettering,"13308 Midland Road, Poway,CA",IT,,ron.kettering@example.com,2024-01-10 18:29:00
6816f79cc0a8016401c5a33be04be441,,,,admin,System Administrator,,Finance,System Administrator,admin@example.com,2023-11-01 08:22:00
681ccaf9c0a8016400b98a06818d57c7,,,,employee,Joe Employee,"3121 High Point Road, Greensboro,NC",Sales,Administrative Assistant,employee@example.com,2024-03-15 23:50:00
6e826bf03710200044e0bfc8bcbe5de5,,,,cruz.roudabush,Cruz Roudabush,"243 South Escondido Boulevard, Escondido,CA",IT,,cruz.roudabush@example.com,2023-11-30 08:51:00
71826bf03710200044e0bfc8bcbe5d20,,,,mara.rineheart,Mara Rineheart,"2500 West Daming Road, Shanghai",Customer Support,,mara.rineheart@example.com,2023-08-31 03:40:00
71826bf03710200044e0bfc8bcbe5d32,,,,lona.scronce,Lona Scronce,"Bockenheimer Landstraße 123, Frankfurt",Customer Support,,lona.scronce@example.com,2024-01-08 07:41:00
7282abf03710200044e0bfc8bcbe5d35,,,,rolando.baumann,Rolando Baumann,"30 Katharinenstr, Hamburg",Sales,,rolando.baumann@example.com,2024-02-17 23:55:00
79826bf03710200044e0bfc8bcbe5d36,,,,donald.sherretts,Donald Sherretts,"Bockenheimer Landstraße 123, Frankfurt",Customer Support,,donald.sherretts@example.com,2023-09-06 23:00:00
7a82abf03710200044e0bfc8bcbe5d07,,,,lane.brantz,Lane Brantz,"30 Katharinenstr, Hamburg",Sales,,lane.brantz@example.com,2024-01-30 18:58:00
7a82abf03710200044e0bfc8bcbe5d15,,,,robt.braithwaite,Robt Braithwaite,"Paradise Road, Richmond, London",Sales,,robt.braithwaite@example.com,2024-04-14 18:44:00
7a82abf03710200044e0bfc8bcbe5d1e,,,,sharlene.circelli,Sharlene Circelli,"3740 Greenbriar Street, Houston,TX",Sales,,sharlene.circelli@example.com,2024-02-22 14:16:00
7d826bf03710200044e0bfc8bcbe5d26,,,,tiffany.knust,Tiffany Knust,"27, Boulevard Vitton, Paris",Customer Support,,tiffany.knust@example.com,2024-04-05 01:57:00
7d826bf03710200044e0bfc8bcbe5d38,,,,lynette.setlock,Lynette Setlock,"Via Nomentana 56, Rome",Customer Support,,lynette.setlock@example.com,2024-02-15 21:11:00
7e826bf03710200044e0bfc8bcbe5df7,,,,doreen.sakurai,Doreen Sakurai,"140 George Street, Sydney",Sales,,doreen.sakurai@example.com,2024-01-03 15:34:00
82826bf03710200044e0bfc8bcbe5d40,,,,kira.papen,Kira Papen,"2-10-1 Yurakucho, Chiyoda-ku, Tokyo",Customer Support,,kira.papen@example.com,2024-02-25 14:23:00
82826bf03710200044e0bfc8bcbe5d5f,,,,marquita.bousman,Marquita Bousman,"3 Whitehall Court, London",Customer Support,,marquita.bousman@example.com,2024-01-16 21:24:00
82826bf03710200044e0bfc8bcbe5d6e,,,,sal.pindell,Sal Pindell,"815 E Street, San Diego,CA",Customer Support,,sal.pindell@example.com,2023-08-19 16:58:00
82826bf03710200044e0bfc8bcbe5d80,,,,kerry.evertt,Kerry Evertt,"946 Donax Avenue, Imperial Beach,CA",Development,,kerry.evertt@example.com,2024-02-13 23:29:00
86826bf03710200044e0bfc8bcbe5d42,,,,isaac.davensizer,Isaac Davensizer,"2-10-1 Yurakucho, Chiyoda-ku, Tokyo",Customer Support,,isaac.davensizer@example.com,2024-04-19 03:18:00
86826bf03710200044e0bfc8bcbe5d67,,,,felipe.mahone,Felipe Mahone,"3 Whitehall Court, London",Customer Support,,felipe.mahone@example.com,2023-12-29 15:38:00
86826bf03710200044e0bfc8bcbe5d79,,,,claudio.loose,Claudio Loose,"815 E Street, San Diego,CA",Customer Support,,claudio.loose@example.com,2024-01-08 05:11:00
86826bf03710200044e0bfc8bcbe5d94,,,,brendan.qin,Brendan Qin,"27, Boulevard Vitton, Paris",Finance,,brendan.qin@example.com,2023-12-30 00:38:00
8a826bf03710200044e0bfc8bcbe5d44,,,,danny.dales,Danny Dales,"2-10-1 Yurakucho, Chiyoda-ku, Tokyo",Customer Support,,danny.dales@example.com,2024-04-12 15:52:00
8a826bf03710200044e0bfc8bcbe5d5a,,,,shanna.numkena,Shanna Numkena,"3 Whitehall Court, London",Customer Support,,shanna.numkena@example.com,2024-04-04 02:43:00
8a826bf03710200044e0bfc8bcbe5d69,,,,zackary.mockus,Zackary Mockus,"8306 Mills Drive, Miami,FL",Customer Support,,zackary.mockus@example.com,2023-11-17 13:05:00
8a826bf03710200044e0bfc8bcbe5d72,,,,lynda.caraway,Lynda Caraway,"815 E Street, San Diego,CA",Customer Support,,lynda.caraway@example.com,2024-01-27 16:54:00
8a826bf03710200044e0bfc8bcbe5d84,,,,dorthy.alexy,Dorthy Alexy,"650 Dennery Road #102, San Diego,CA",Development,,dorthy.alexy@example.com,2023-08-27 15:13:00
8a826bf03710200044e0bfc8bcbe5d96,,,,delphine.helmich,Delphine Helmich,"Bockenheimer Landstraße 123, Frankfurt",Finance,,delphine.helmich@example.com,2024-01-27 23:16:00
8e826bf03710200044e0bfc8bcbe5d46,,,,merle.wyrosdick,Merle Wyrosdick,"Carrera 54 No. 49 - 31, Medellin",Customer Support,,merle.wyrosdick@example.com,2024-04-09 22:11:00
8e826bf03710200044e0bfc8bcbe5d6b,,,,sue.haakinson,Sue Haakinson,"8306 Mills Drive, Miami,FL",Customer Support,,sue.haakinson@example.com,2023-12-19 02:28:00
8e826bf03710200044e0bfc8bcbe5d74,,,,jarvis.galas,Jarvis Galas,"815 E Street, San Diego,CA",Customer Support,,jarvis.galas@example.com,2023-09-23 04:54:00
8e826bf03710200044e0bfc8bcbe5d86,,,,colin.altonen,Colin Altonen,"946 Donax Avenue, Imperial Beach,CA",Development,,colin.altonen@example.com,2024-03-18 08:21:00
92826bf03710200044e0bfc8bcbe5db2,,,,bertram.quertermous,Bertram Quertermous,"Karmelitska 2, Lesser Town, Prague",IT,,bertram.quertermous@example.com,2024-03-10 05:45:00
92826bf03710200044e0bfc8bcbe5dbb,,,,eduardo.bellendir,Eduardo Bellendir,"27, Boulevard Vitton, Paris",IT,,eduardo.bellendir@example.com,2024-01-29 19:48:00
9a826bf03710200044e0bfc8bcbe5da4,,,,warren.speach,Warren Speach,"Paradise Road, Richmond, London",HR,,warren.speach@example.com,2023-12-20 07:26:00
9a826bf03710200044e0bfc8bcbe5dad,,,,miranda.hammitt,Miranda Hammitt,"2500 West Daming Road, Shanghai",IT,,miranda.hammitt@example.com,2024-03-17 02:43:00
9e826bf03710200044e0bfc8bcbe5dca,,,,stacey.blow,Stacey Blow,"Via Nomentana 56, Rome",IT,,stacey.blow@example.com,2024-04-18 15:21:00
a2826bf03710200044e0bfc8bcbe5ded,,,,alejandro.mascall,Alejandro Mascall,"Bockenheimer Landstraße 223, Frankfurt",Product Management,,alejandro.mascall@example.com,2024-03-19 10:50:00
aa826bf03710200044e0bfc8bcbe5de8,,,,allie.pumphrey,Allie Pumphrey,"75-85 York Street, Melbourne",Product Management,,allie.pumphrey@example.com,2024-03-12 12:39:00
aa826bf03710200044e0bfc8bcbe5df1,,,,carla.sirbaugh,Carla Sirbaugh,"Paradise Road, Richmond, London",Product Management,,carla.sirbaugh@example.com,2023-12-31 12:29:00
b1826bf03710200044e0bfc8bcbe5d1c,,,,naomi.mcraven,Naomi Mcraven,"248 Abbotsford Road, Brisbane",Customer Support,,naomi.mcraven@example.com,2024-03-28 20:25:00
b1826bf03710200044e0bfc8bcbe5d25,,,,george.tukis,George Tukis,"Karmelitska 2, Lesser Town, Prague",Customer Support,,george.tukis@example.com,2024-02-19 22:00:00
b282abf03710200044e0bfc8bcbe5d08,,,,kurtis.asberry,Kurtis Asberry,"30 Katharinenstr, Hamburg",Sales,,kurtis.asberry@example.com,2024-03-16 06:34:00
b282abf03710200044e0bfc8bcbe5d31,,,,jasmin.gum,Jasmin Gum,"27, Boulevard Vitton, Paris",Sales,,jasmin.gum@example.com,2024-01-11 19:43:00
b5826bf03710200044e0bfc8bcbe5d1e,,,,emilia.oxley,Emilia Oxley,"248 Abbotsford Road, Brisbane",Customer Support,,emilia.oxley@example.com,2024-03-01 03:47:00
b5826bf03710200044e0bfc8bcbe5d27,,,,rena.griffeth,Rena Griffeth,"27, Boulevard Vitton, Paris",Customer Support,,rena.griffeth@example.com,2024-03-03 20:46:00
b682abf03710200044e0bfc8bcbe5d01,,,,edgardo.prudente,Edgardo Prudente,"27, Boulevard Vitton, Paris",Sales,,edgardo.prudente@example.com,2024-01-20 08:23:00
b9826bf03710200044e0bfc8bcbe5d3b,,,,teodoro.gaboury,Teodoro Gaboury,"2-10-1 Yurakucho, Chiyoda-ku, Tokyo",Customer Support,,teodoro.gaboury@example.com,2024-01-29 21:32:00
bd826bf03710200044e0bfc8bcbe5d22,,,,ella.pahnke,Ella Pahnke,"2500 West Daming Road, Shanghai",Customer Support,,ella.pahnke@example.com,2023-12-13 07:47:00
bd826bf03710200044e0bfc8bcbe5d3d,,,,marta.horner,Marta Horner,"2-10-1 Yurakucho, Chiyoda-ku, Tokyo",Customer Support,,marta.horner@example.com,2023-12-23 03:58:00
be826bf03710200044e0bfc8bcbe5dfc,,,,tia.lino,Tia Lino,"27, Boulevard Vitton, Paris",Sales,,tia.lino@example.com,2024-01-08 09:17:00
be82abf03710200044e0bfc8bcbe5d13,,,,valeria.lingbeek,Valeria Lingbeek,"Paradise Road, Richmond, London",Sales,,valeria.lingbeek@example.com,2023-07-04 19:01:00
be82abf03710200044e0bfc8bcbe5d1c,,,,alene.rabeck,Alene Rabeck,"Paradise Road, Richmond, London",Sales,,alene.rabeck@example.com,2024-02-26 00:34:00
c2826bf03710200044e0bfc8bcbe5d5b,,,,rebeca.brumet,Rebeca Brumet,"3 Whitehall Court, London",Customer Support,,rebeca.brumet@example.com,2024-04-03 21:51:00
c2826bf03710200044e0bfc8bcbe5d8e,,,,robin.schartz,Robin Schartz,"150 Kennedy Road, Hong Kong",Finance,,robin.schartz@example.com,2024-04-08 14:15:00
c6826bf03710200044e0bfc8bcbe5d54,,,,latisha.bahls,Latisha Bahls,"Carrera 54 No. 49 - 31, Medellin",Customer Support,,latisha.bahls@example.com,2023-11-19 19:18:00
c6826bf03710200044e0bfc8bcbe5d6c,,,,shelley.groden,Shelley Groden,"815 E Street, San Diego,CA",Customer Support,,shelley.groden@example.com,2024-01-22 12:08:00
c6826bf03710200044e0bfc8bcbe5d75,,,,jacklyn.emayo,Jacklyn Emayo,"815 E Street, San Diego,CA",Customer Support,,jacklyn.emayo@example.com,2024-03-01 11:14:00
c6826bf03710200044e0bfc8bcbe5d7e,,,,lucien.iurato,Lucien Iurato,"650 Dennery Road #102, San Diego,CA",Development,,lucien.iurato@example.com,2024-03-04 18:38:00
c6826bf03710200044e0bfc8bcbe5d90,,,,reva.lecates,Reva Lecates,"Karmelitska 2, Lesser Town, Prague",Finance,,reva.lecates@example.com,2024-01-25 23:29:00
c782abf03710200044e0bfc8bcbe5d41,,,,petra.clemmens,Petra Clemmens,"Paradise Road, Richmond, London",Sales,,petra.clemmens@example.com,2023-07-17 12:59:00
ca826bf03710200044e0bfc8bcbe5d65,,,,guillermo.tsang,Guillermo Tsang,"3 Whitehall Court, London",Customer Support,,guillermo.tsang@example.com,2024-02-26 03:09:00
ca826bf03710200044e0bfc8bcbe5d77,,,,fannie.steese,Fannie Steese,"815 E Street, San Diego,CA",Customer Support,,fannie.steese@example.com,2024-02-24 21:31:00
ca826bf03710200044e0bfc8bcbe5d89,,,,alva.pennigton,Alva Pennigton,"650 Dennery Road #102, San Diego,CA",Development,,alva.pennigton@example.com,2023-11-24 09:05:00
ca826bf03710200044e0bfc8bcbe5d92,,,,bridgett.retort,Bridgett Retort,"27, Boulevard Vitton, Paris",Finance,,bridgett.retort@example.com,2024-02-12 15:21:00
cb82abf03710200044e0bfc8bcbe5d43,,,,elmo.dagenais,Elmo Dagenais,"Paradise Road, Richmond, London",Sales,,elmo.dagenais@example.com,2024-02-13 09:57:00
ce826bf03710200044e0bfc8bcbe5d58,,,,vince.ettel,Vince Ettel,"3 Whitehall Court, London",Customer Support,,vince.ettel@example.com,2024-02-12 20:02:00
ce826bf03710200044e0bfc8bcbe5d67,,,,darrel.tork,Darrel Tork,"3 Whitehall Court, London",Customer Support,,darrel.tork@example.com,2024-01-16 22:50:00
d2826bf03710200044e0bfc8bcbe5d9c,,,,danette.fostervold,Danette Fostervold,"Paradise Road, Richmond, London",Finance,,danette.fostervold@example.com,2024-03-02 19:48:00
d2826bf03710200044e0bfc8bcbe5db7,,,,maryann.garnette,Maryann Garnette,"27, Boulevard Vitton, Paris",IT,,maryann.garnette@example.com,2024-03-23 19:04:00
d2826bf03710200044e0bfc8bcbe5dc0,,,,mellissa.sule,Mellissa Sule,"Bockenheimer Landstraße 223, Frankfurt",IT,,mellissa.sule@example.com,2024-03-15 11:28:00
d6826bf03710200044e0bfc8bcbe5db0,,,,darrel.ruffins,Darrel Ruffins,"2500 West Daming Road, Shanghai",IT,,darrel.ruffins@example.com,2023-11-10 06:08:00
de826bf03710200044e0bfc8bcbe5da2,,,,reginald.lunan,Reginald Lunan,"Bockenheimer Landstraße 123, Frankfurt",HR,,reginald.lunan@example.com,2024-03-14 20:22:00
de826bf03710200044e0bfc8bcbe5dc6,,,,devon.samrah,Devon Samrah,"Bockenheimer Landstraße 223, Frankfurt",IT,,devon.samrah@example.com,2023-11-23 11:57:00
de826bf03710200044e0bfc8bcbe5dcf,,,,mayme.staub,Mayme Staub,"2-12-1 Ookayama, Meguro-ku, Tokyo",IT,,mayme.staub@example.com,2024-03-31 23:32:00
e2826bf03710200044e0bfc8bcbe5dd7,,,,wes.fontanella,Wes Fontanella,"3 Whitehall Court, London",IT,,wes.fontanella@example.com,2024-03-10 07:42:00
e2826bf03710200044e0bfc8bcbe5de0,,,,barton.friesner,Barton Friesner,"3 Whitehall Court, London",IT,,barton.friesner@example.com,2024-03-23 02:05:00
ea826bf03710200044e0bfc8bcbe5ddb,,,,jonathon.waldall,Jonathon Waldall,"3 Whitehall Court, London",IT,,jonathon.waldall@example.com,2024-02-12 13:00:00
ea826bf03710200044e0bfc8bcbe5de4,,,,deshawn.inafuku,Deshawn Inafuku,"540 North Dearborn Street, Chicago,IL",IT,,deshawn.inafuku@example.com,2024-03-16 15:22:00
ea826bf03710200044e0bfc8bcbe5ded,,,,nickolas.khosravi,Nickolas Khosravi,"Via Nomentana 56, Rome",Product Management,,nickolas.khosravi@example.com,2024-01-23 07:59:00
ee826bf03710200044e0bfc8bcbe5dd4,,,,lizzie.torregrossa,Lizzie Torregrossa,"SHS quadra 5, Bloco E., Brasilia",IT,,lizzie.torregrossa@example.com,2023-11-04 09:27:00
ee826bf03710200044e0bfc8bcbe5ddd,,,,garfield.lijewski,Garfield Lijewski,"3 Whitehall Court, London",IT,,garfield.lijewski@example.com,2024-03-12 20:04:00
ee826bf03710200044e0bfc8bcbe5def,,,,bart.hachey,Bart Hachey,"2-12-1 Ookayama, Meguro-ku, Tokyo",Product Management,,bart.hachey@example.com,2023-11-19 08:56:00
f1826bf03710200044e0bfc8bcbe5d21,,,,kasey.nguyen,Kasey Nguyen,"2500 West Daming Road, Shanghai",Customer Support,,kasey.nguyen@example.com,2023-12-26 11:40:00
f1826bf03710200044e0bfc8bcbe5d3c,,,,rita.center,Rita Center,"2-10-1 Yurakucho, Chiyoda-ku, Tokyo",Customer Support,,rita.center@example.com,2023-10-03 20:08:00
f282abf03710200044e0bfc8bcbe5d04,,,,roseann.jerko,Roseann Jerko,"30 Katharinenstr, Hamburg",Sales,,roseann.jerko@example.com,2024-03-05 23:15:00
f282abf03710200044e0bfc8bcbe5d24,,,,luella.pliner,Luella Pliner,"621 6th Avenue South, North Myrtle Beach,SC",Sales,,luella.pliner@example.com,2024-03-30 17:15:00
f282abf03710200044e0bfc8bcbe5d2d,,,,pilar.suddeth,Pilar Suddeth,"27, Boulevard Vitton, Paris",Sales,,pilar.suddeth@example.com,2023-12-28 02:05:00
f6826bf03710200044e0bfc8bcbe5dfd,,,,roman.simone,Roman Simone,"27, Boulevard Vitton, Paris",Sales,,roman.simone@example.com,2023-12-27 17:35:00
f682abf03710200044e0bfc8bcbe5d14,,,,sheila.holloran,Sheila Holloran,"Paradise Road, Richmond, London",Sales,,sheila.holloran@example.com,2023-10-26 07:27:00
fa82abf03710200044e0bfc8bcbe5d1f,,,,rosalind.krenzke,Rosalind Krenzke,"3121 High Point Road, Greensboro,NC",Sales,,rosalind.krenzke@example.com,2024-04-13 23:43:00
fa82abf03710200044e0bfc8bcbe5d31,,,,fabian.mcshaw,Fabian Mcshaw,"27, Boulevard Vitton, Paris",Sales,,fabian.mcshaw@example.com,2023-11-22 11:19:00
fd826bf03710200044e0bfc8bcbe5d1e,,,,darrell.amrich,Darrell Amrich,"248 Abbotsford Road, Brisbane",Customer Support,,darrell.amrich@example.com,2023-08-21 10:57:00
fe82abf03710200044e0bfc8bcbe5d18,,,,heath.vanalphen,Heath Vanalphen,"Paradise Road, Richmond, London",Sales,,heath.vanalphen@example.com,2024-04-01 19:12:00
fe82abf03710200044e0bfc8bcbe5d21,,,,nadia.wilshire,Nadia Wilshire,"6882 Linda Vista Road, San Diego,CA",Sales,,nadia.wilshire@example.com,2024-02-29 23:30:00
fe82abf03710200044e0bfc8bcbe5d2a,,,,lacy.hyten,Lacy Hyten,"140 George Street, Sydney",Sales,,lacy.hyten@example.com,2024-03-08 20:48:00
